詞彙,釋義,例句
54,無視,不要54我啦嗚嗚嗚
80,霸凌,你以為這樣80別人很好玩嗎？
484,「是不是」的諧音。,你484忘記等等交作業了？
543,「五四三」的意思，台灣話常用片語，意旨沒有意義、沒有內容的話。,你別聽他在那邊543，聽我一勸，不要去那種聲色場所。
666,「溜」的諧音詞。比喻厲害、順利、順暢的意思。,這位主任還會用ChatGPT翻譯文獻真是666。
948,「就是吧」的意思,甲：這次旅行的安排都有些混亂呢。乙：948，不如我們再重新計劃一下。
1450,用來諷刺偏袒民進黨的網路水軍，後來演變為台灣的網軍的代名詞,每次只要一出事，1450馬上出動洗版，根本看不出什麼是真實民意。
2266,來自台灣閩南語「離離落落」，指做事情零散，一蹋糊塗,老李的桌子上文件總是2266，哪天得好好整理一下。
2486,「白痴、傻子」的意思,他居然在會議上落入如此明顯的圈套，真是個2486。
7414,去死一死的諧音。,惡意擾亂秩序的玩家可以7414啦
9487,「就是白痴」、「就是北七」的諧音。通常是在看到別人做出愚蠢、難以理解的行為時，以一種較可愛的方式嘲諷對方的說法。,948794狂
+1,意思為也算我一個、也加我一個，常用於句末。如：「會尬聊就是聊不來+1」、「想去+1」,「看完這部電影想再刷一遍+1。」
==,顏文字，用以表達無奈、嫌棄等情緒，又作「= =」,你現在到底是怎樣 ==
～系,用於描述某人具有某方面的專業。褒意，但也有諷刺用法。 例如：「你邏輯系的喔？」，依前後文脈絡判斷，可以是稱讚對方思考邏輯清晰的意思，也可以是諷刺對方思考邏輯紊亂的意思。,「看你這麼會找到便宜機票，根本是旅遊達人系的嘛！」
～粉,支持者、擁戴者，源自「粉絲」一詞。接尾辭，置於身份或特性的名詞後。 置於身份詞之後，表示粉絲將自己視為偶像的某種身分，以此角度支持對方，如：「女友粉」、「老婆粉」。 置於特性之後，表示此類粉絲有某些特質，如「鐵粉」以「鐵」代表堅定忠誠的特質。,小李是那位歌手的「女友粉」，每天都會幻想自己和偶像一起出遊的情景。
～控,日文「コン」的音譯，表示對某類事物有強烈的偏愛，與「癖」相似。,小明是一個徹底的書控，每次去書店都要待上好幾個小時，挑選自己心儀的書籍。
～殘,表示身體機能一時無法發揮正常功能導致做錯事情。有嘲諷意味。接尾辭，置於身體部位的名詞後，並可用於自身或他人的行為。如「手殘」、「眼殘」、「腳殘」等。 例句：「對不起，手殘按到。」「你是眼殘嗎？這麼大一個字沒看到？」「腳殘沒踩好，摔了一跤。」,昨天煮飯時腦殘，居然放鹽放成了糖，大家都笑得不行。
1314,「一生一世」的諧音。往往使用在形容對他人愛慕的時間長度。 例句：這位研究者感覺愛人工智慧愛到1314。,他們在婚禮上互許承諾，願意相愛1314，不離不棄。
377,「生氣氣」的諧音。因為使用疊字，是比「生氣」較為可愛的用法。,小明吃不到他最愛的冰淇淋，整個人變得377，抱著玩偶氣鼓鼓地坐在沙發上。
404,故障、無法順利運作。源自於網路連線「404 not found」錯誤訊息。 例句：他是不是腦袋404，不知道要說什麼。,昨天的會議討論到一半，他提的方案突然就404了，大家都不知道該怎麼繼續下去。
4輪,通常指四輪汽車，與代表機車的「兩輪」相對。也作「四輪」。,「他剛買了一輛新四輪，本週末打算開車帶家人去海邊旅行。」
4ni,「是你」的諧音。往往有嘲諷對方的意思。 例句：股票達人4ni。,在電競比賽中發揮穩定，他突然開玩笑地說：「MVP肯定4ni，不用想了。」
520,「我愛你」的諧音。,每當情人節來臨，小明總會在短信中給女友發一個簡單的「520」，代表他對她深深的愛意。
54,1.我是，取54的諧音 2.無視，取54的諧音,"1. 「如果你有任何疑問，54來幫助你解答。」
2. 「他一直在說自己的觀點，但我只好54他的意見了。」"
555,「嗚嗚嗚」的諧音。哭泣聲的擬聲詞。用法不限三個「5」，可依個人情緒調整詞彙長度。如：「555你都欺負我。」「演唱會門票一張都沒搶到55555。」,昨天的考試太難了，我完全不會寫，5～～～。
666,「溜」的諧音詞。比喻厲害、順利、順暢的意思。 例句：這位主任還會用ChatGPT翻譯文獻真是666。,這位年輕設計師的創意真是666，每一件作品都讓人驚豔。
7pupu,台語「氣噗噗」的另外一種寫法。形容很生氣的樣子,小明今天因為被老師誤會而7pupu，一整天都不說話。
8+9,代指小混混、街頭流氓與黑社會小弟。,最近我發現，阿強雖然外表看起來像8+9，內心其實是個很善良的人。
8181,英文「bye bye」，再見。也作「掰掰」、「881」、「886」、「ㄅㄅ」。,開完會後，小李向同事們揮手道：「今天謝謝大家的參與，8181！」
87%,比喻事情無望或不會有好結果，表示失去希望或機會渺茫。,尬聊87%=沒戲
87分,形容兩個事物極為相似但又不完全相同，取自於滿分100分中接近的87分。,跟S7有87分像
87分，不能再高了,形容某個人或某件事有點愚蠢、不合常理，卻又讓人覺得好笑。表面上看起來像在稱讚，但實際上帶有吐槽的意味,昨天阿強穿拖鞋去參加正式宴會，這操作真的87分，不能再高了。
87趴,是一種用來形容事物相似度的數字表達方式，表示非常相似，但並非完全一樣，類似於「非常像」的意思。,這東西就跟虛擬貨幣有87趴像啊
88,英文「bye bye」，再見。也作「掰掰」、「881」、「8181」、「886」、「ㄅㄅ」。,小明對著朋友揮揮手說：「下次見，88！」
881,英文「bye bye」，再見。也作「掰掰」、「88」、「8181」、「886」、「ㄅㄅ」。如：「今天就先這樣！881。」,放學後我和朋友揮手說：「明天再見，881！」
886,英文「bye bye」與「囉」的諧音合稱「886」。也作「掰掰」、「88」、「881」、「8181」、「ㄅㄅ」。如：「那我先去趕車，大家886。」,聊天室裡的朋友們聊得意猶未盡，但時間不早了，我打了個哈欠，說道：「各位，我明天還要早起，886！」
94,「就是」的諧音。,你今天決定去哪家餐廳？94那家新開的日式料理店吧！
945,「就是我」的諧音。如：「這件事945做的。」,「昨天那篇文章是945寫的，大家都覺得很好。」
995,「救救我」的諧音。,我昨天加班崩潰得想吶喊「995」，心裡只想著誰能來解救我。
二外,「第二外語」的簡稱。台灣教育以英語為第一外語。需要多學習一門外語時，就會使用第二外語這個詞。,在大學期間，學生普遍選擇日語或法語作為二外，以增強他們的國際競爭力。
二次元,多用來指稱漫畫、動畫或遊戲作品中的虛構世界，與現實世界（又被稱為三次元）相對。,在壓力大的時候，我喜歡沉浸在二次元裡，欣賞漫畫和動畫，把煩惱拋諸腦後。
二創,二次創作，又稱再創作、衍生創作或二創，產生的作品稱為二次創作物。,他利用熱門動畫的角色進行二創，創作了不少受粉絲喜愛的同人漫畫。
人生勝利組,生活順遂的人。,小明從名校畢業後，順利找到高薪工作並且成為公司的高管，朋友們都稱他是「人生勝利組」。
人品,指運氣。來源自原義，因通常認為人的運氣和品格相關。,他的工作總是能在最後一刻出色完成，真是個人品大爆發的好例子。
人帥真好，人醜性騷擾,諷刺歧視外貌的現象,剛剛看到帥哥跟服務員搭話，她笑得很開心，旁邊大叔也試著搭話結果被瞪了一眼，果然是人帥真好，人醜性騷擾
人情保單,基於人情壓力而不得不購買的保單,雖然我並不需要這份保險，但因為是朋友推銷的，我只好買下這份人情保單。
人設,「人物設定」的簡稱。,她在社交媒體上塑造了一個完美的媽媽人設，吸引了很多粉絲關注。
人礦,指生下來就被當作消耗品使用的人。多用於自嘲,小粉紅以為自己高人一等，其實只是人礦一個
入坑,比喻開始涉足某個領域或參與某項活動，通常隱含其中可能有麻煩或讓人上癮的特性。,小明最近入坑收藏模型，每天花很多時間研究不同的套件和品牌。
力主,「極力主張」的簡稱。,在會議中，小王力主進行方案改進，以提高團隊的工作效率。
三小,台語漢字為「啥潲」，華語音譯，意旨「什麼」。是一種粗俗不雅的說法。,三小啦，為什麼我會考那麼低分。
三高男,三高男是起源於日本的詞語，其中「三高」意指一些女性對擇偶的主要三項條件：「高學歷」，「高收入」，「高身長」。,小美一直希望找到一位三高男，希望對方不僅高學歷、高收入，還要有高身長，滿足她對理想伴侶的嚴格標準。
三寶,原專指老人、女人及老女人，為性別和年齡歧視用語，後泛指所有在路上不遵守交通規則的人,他開車時總抱怨那些三寶，因為他們總是不遵守交通規則，讓道路變得更危險。
上車,即跟上某種風潮。,看到加密貨幣的熱潮後，小明趕快上車，希望能從中獲利。
上頭、下頭,「上頭」代表很有興致也被引伸為暈船的意思，「下頭」則代表掃興、清醒。,原本對她很上頭，後來才知道她常跟男生到處約，讓人超下頭。
下車,1.演藝人員從一節目離開，停止出演。 2.離開一個地方或狀態。,1. 在這季結束後，這位知名主持人決定下車，不再參加下一季的節目錄製。2. 經過長時間的思考與自我反省，他決定下車，離開這段讓他壓力巨大的職場環境。
下船,指放下自己心中的愛戀、放棄一段感情。,經過一番考慮後，她決定下船，開始重新規劃自己的生活。
口年,「可憐」的諧音。也作【可黏】。,當他看到路邊那隻受傷的小狗時，不禁感到一陣口年，於是決定帶它去醫治。
口誤,不小心說錯話或使用錯誤詞語的情況，通常是由於一時疏忽或緊張所致。,否則光是說口誤應該沒辦法安全下莊
大大,對人非正式的稱呼，多用於網路。,「大大，我這裡有個問題需要您的幫助，可以給我點建議嗎？」
大奶微微,大杯珍珠奶茶微糖微冰,天氣這麼熱，我想來一杯大奶微微，剛剛好解渴又不太甜。
大佬,對高手或資深者的敬稱,還請大佬接受小弟一拜，求大佬帶帶我
大拜拜,指盛大、隆重的活動或場合，通常涉及繁複的程序和規模，類似於傳統儀式或慶典。,各大電子廠偏向不舉辦大拜拜型的尾牙
大神,在某個領域特別厲害的人。,在公司的編程競賽中，張工以驚人的速度解決了所有複雜問題，大家都紛紛稱他為「編程大神」。
大推,大力推薦。,這部電影的劇情和特效都超贊，我大推！
大腦在星爆,源自動漫作品「刀劍神域」主角的招式「星爆氣流斬」，以招式的速度聞名，音此常以「大腦在星爆」形容人在某種情境下大腦極度混亂、超負荷運轉，彷彿思緒爆炸般的感覺。,這真的是文化衝擊，我的大腦在星爆
大聰明,以自以為聰明實則糊塗的方式展現的一種幽默反諷，用來形容那些表現得過於自信且不切實際的人或事物。,這個大聰明以為把車牌貼反光貼紙就能逃過超速罰單，結果反而被罰更重。
女力,「女子力」的簡稱。最早源自日本，現指現代女性擁有正面、做自己、堅韌、溫柔等特質。,在這次的年度頒獎典禮中，許多獲獎者都展現了強大的女力，成為新一代年輕女性的榜樣。
小白,指新人。,作為一個剛進公司的小白，李明努力學習並尋求同事們的指導。
小宇宙,指個人內心或頭腦中的思維空間，常用來形容內心世界的獨特性或豐富性。,我在腦內小宇宙搜尋了歷年來為錢爭執的動態回顧
小朋友才做選擇,表示拒絕在多個選項中選擇一個，強調「我全都要」的貪心態度，通常帶有幽默與自嘲的語氣。,A：你要珍珠奶茶還是芒果冰沙？ B：小朋友才做選擇，我全都要！
小粉红,通過留學與翻牆（突破網路審查）手段，並在境外社群網路上湧現出大量的傾向民族主義，且盲目發表愛國、愛共產黨言論的中國大陸青年。,在國際論壇上，小粉红們常常展現激烈的民族主義立場，積極捍衛他們心中的祖國形象。
小圈圈,指一個封閉且排他的小團體，通常由一小部分人組成，成員之間關係緊密，但對外界有所排斥。,被認為是「搞小圈圈」
小資,指總資產不多。,小明自嘲自己是典型的小資，只能偶爾奢侈一把，平時還是得精打細算過日子。
小資族,通常指有小量資產或積蓄的白領上班族。,小資族們通常會投資於股票或基金，試圖讓自己不多的積蓄增值。
小鈴鐺,系統的新訊息通知。大多指訂閱YouTube頻道後，可開啟以即時接收頻道活動訊息的功能。,每次我訂閱新頻道後，總是記得打開小鈴鐺，這樣就不會錯過任何新影片的通知了。
小蜜蜂,指店家會開著載有飲料、小吃等的小貨車，在部隊出操時向軍人販售。,在部隊訓練結束後，小蜜蜂開到了操場邊，為疲憊不已的軍人們提供了冰涼的飲料和可口的小吃。
小劇場,指不斷在內心揣測他人的想法，很可能陷入自以為是、鑽牛角尖的地步。,每次和他聊天，她總會開啟自己的「小劇場」，試圖解讀他每句話背後的深意，結果常常讓自己困擾不已。
小模,指資歷或知名度尚淺的模特兒，通常在社交媒體上擁有一定程度的曝光和影響力。,可以明顯地看到這些散布者是公關公司可以找到的小模、網紅
小編,原為對「編輯」的一種稱呼，後因網路社群平台興起，漸成為企業行銷團隊一員。,小編在社群媒體上發布了一則創意十足的貼文，成功吸引了大量用戶的關注和互動。
山道猴子,指許多機車騎士把山道當成賽道競速，甚至有違規超車、雙黃線迴轉、佔用對向車道等，不顧他人安全的行為,他剛剛過彎的時候速度太快，直接外拋到對面逆向，不愧是山道猴子。
工具人,指只被利用，卻沒有得到對應回報的人。,又被當成工具人，真是無語。
工具人,經常無條件替對方做事的人。,小明常常在大家需要幫忙時無償付出，漸漸地就變成了朋友圈裡的工具人。
工商,即代言廣告。,這位網紅的工商內容總是以創意取勝，每次推出的新產品代言廣告都吸引了大量觀眾關注。
已知用火,用來諷刺對方的消息的過於陳舊，就如同還活在舊石器時代一樣。,他今天跟我分享VPN的好處，我心裡只能默默說一句：已知用火，現場都用得滾瓜爛熟了。
不是，哥們,表達對某種行為或言論的驚訝、不解，甚至有點無奈,不是，哥們，你凌晨三點叫我起來就為了問今天幾號？
不能只有我看到,有些文章推文很多實際上並沒什麼內容，甚至有恐怖連結，但是鄉民為了讓更多人受騙進來看，會在推文推說「幫騙」、「不能只有我看到」，來增加推文數。,看完這操作直接傻眼，不能只有我看到，幫推散播崩潰能量！
不演了,指原本有所矜持或顧忌的人在他人面前公然露出本性。,在他再三遲到之後我也直接不演了，把他踢出群組
不懂就問,網民在遇到不明白的問題時，主動詢問他人以獲取答案時的一種慣用開頭。,不懂就問，什麼叫活網
不EY,與不意外同義，用來形容某些發生了也不會讓人感到意外的事。,這次的遊戲更新太差了，真的不EY，玩家們都在抱怨。
不U,不優、不優秀，形容他人行為不妥,你這樣很不U捏!
中二,日文漢字「中二病（ちゅうにびょう）」的簡稱。指經常做出不合常理的奇異行為、沉醉在自己的幻想中的人。,每次小明在大庭廣眾下揮舞著「隱形劍」自稱是黑暗騎士時，大家都笑說他是中了「中二」的魔咒。
中毒太深,形容人對特定的人事物有異常的執著，不時地會去想或做出行動，如同成癮般狂熱，並且難以戒斷。具思考意義。,小明中毒太深，對那款遊戲愛不釋手，為了升等甚至經常熬夜不睡。
中部粽,消波塊，被戲稱為「中部粽」（與北部蒸粽與南部水煮粽對應）。因有傳說指某角頭得罪中部某知名幫派而人間蒸發，被發現時已成消波塊。延伸用法: 「守護海岸線」、「海景第一排」,小明: 那個小黨候選人居然選贏了那個黑幫大老的兒子?! 小美: 完了，他要變中部粽了。
中猴,【台語】中猴（Dioh gáo）指一個人行為舉止不穩重、不安份、太過活潑、不正經。,哩喜中猴喔，在那邊跳來跳去的衝啥小？
中槍,遭受指控或言語攻擊。,在會議上，他因為項目延誤中槍，不得不解釋背後的原因。
中獎,即染上傳染病。,最近感冒病毒肆虐，我沒戴口罩就出門，結果中獎了，現在在家狂咳。
中離,「中途離開」的簡稱。,昨天會議開到一半，小李突然中離，讓大家都很驚訝。
五五波,雙方勢均力敵、不相上下，實力介於伯仲之間的意思。 例句：這場球賽雙方打者的實力相當，結局五五波。,經過數個小時的激烈競爭，圍棋比賽的局勢依然五五波，難以預測誰會獲勝。
五毛,對於中國網路評論員的一種蔑稱。網路傳言他們每發一篇文章便可以獲得五角（大陸「一角」俗稱為「一毛」）的報酬，因此網友謔稱他們為「五毛」、「五毛黨」。,PTT 是不是被五毛入侵了？怎麼一堆親中言論？
元宇宙,著重探討持久性與去中心化的線上三維虛擬環境。此環境可以透過虛擬實境眼鏡、擴增實境眼鏡、手機、個人電腦和電子遊戲機等裝置，進入人造的虛擬世界。,隨著技術的不斷進步，越來越多的人每天都會進入元宇宙，利用虛擬實境眼鏡在這個三維虛擬環境中參加會議、購物或者與朋友互動。
內牛滿面,「淚流滿面」的意思,我看這個故事看到內牛滿面。
內卷,內卷是一個現代流行的社會學術語，被廣泛用來形容在競爭激烈的環境下，個體或群體被迫投入更多的努力，但結果卻停滯不前，甚至惡化。,補習班之間的內卷越來越嚴重，孩子們壓力山大。
內容農場,指專門生產大量低質量或誤導性內容，以吸引點擊和廣告收益的網站或平台，通常缺乏嚴謹的事實核實和原創性。,據研究，近年在台灣流傳的假新聞中，就屬食藥新聞最多，分享也最廣，內容農場就是最大造假來源。
公務機,指專用於公務用途的手機，通常具有基本的通話和短信功能，用於工作聯繫，無過多娛樂功能。,這個就是公務機等級…而且是單純辦公室接電話的那種
切心,形容內心深處受到強烈的觸動或感動，通常與深切的情感和體會相關。,終於明白對一個人切心的感覺
反串,是指本身並非具有某種身分或立場，但卻假裝自己是該身分立場的人來發言，以達到某種目的。,這年頭我已經越來越分不出哪些言論是在反串，哪些言論是在說真心話了。
天花板,表示某個領域的最高水平、極限或巔峰。這個詞來源於建築中的天花板，意指「再往上就到頂了」，用於形容無法超越的存在或極高的標準,"剛轉學過來的金雲身高有200公分，因此大家都叫他""撞到天花板""。 因為佳辰長得相貌堂堂，被許多人喻為""顏值天花板"""
天菜,指理想型情人。,這個新來的學弟也太帥了吧，根本天菜！
天選之人,1.特別幸運的人。 2.用來反諷自己是特別不幸的人。 3.戲稱於新冠疫情中，有高風險接觸史但卻沒有確診的人。,在摸魚的過程中，我居然躲過了一切麻煩，真的是天選之人。
天龍人,指台北人，原《海賊王》的特權階級的名稱，後因台北人常以台北看天下，具有較多資源、卻不了解城鄉差距，被戲稱「天龍人」。而台北市則稱「天龍國」。,小明常常炫耀他住在信義區的豪宅，說話的口氣總讓人覺得他是個標準的天龍人。
夭壽,源自台語，字面意思是「短命」，引申為表達驚訝、誇張或感嘆的語氣詞，多用於口語中,這家餐廳的價格夭壽貴，不敢來第二次。
巴嘎nono,形容一個人吸毒吸到神智不清的意思,聽說隔壁那個人又巴嘎nono了，昨天半夜在大街上跳舞，嚇壞了路人。
巴蕊,台灣台語「𢼌落去（pa--lo̍h-khì）」。用手掌打對方的腦袋，「蕊」是「落去」的連讀。,小明在打鬧中不小心說錯話，被小華輕輕地巴蕊了一下，大家都笑了起來。
心結,心結指的是心中存在的疑慮、誤會或不能釋懷的情感，導致心情鬱結或人際不和。,他一直沒有和朋友好好談話，導致心結越來越重，最後影響了他們的關係。
手刀,立刻、馬上。由於漫畫角色衝刺時常以手指併攏、手掌與前臂成一直線的畫面呈現其，因而以「手刀」表示其迅速不拖拉。,當他得知演唱會門票開售的消息時，立刻手刀衝到售票網站搶票。
手搖,「手搖飲料」的簡稱。一種現點現做的飲料，多以茶為基底，可添加牛奶、果汁、珍珠等配料。,今天下午天氣炎熱，我決定去買一杯手搖飲料，來杯鮮奶茶加珍珠解解渴。
手遊,「手機遊戲」的簡稱。,晚飯後，小明習慣打開幾款手遊來放鬆一下。
支語,意思就是「中國用語、大陸用語」。但一般來說，支語這個詞帶有排斥及貶義。,她說一些影視劇的字幕明顯是翻譯成「支語」，對台灣觀眾來說看起來很彆扭。
支語警察,被稱為「支語警察」的人，會糾正使用大陸用語的使用者，帶出台灣的相對應用法應該是什麼。,“拜託，咱們只是在聊天而已，沒必要每句話都像支語警察一樣挑毛病吧！
斗內,英文「donate」。指贊助或捐贈等。也作「抖內」、「抖」、「斗」。,每次看到這位創作者的直播，我都會毫不猶豫地斗內一些，因為他的內容實在是太精彩了。
月經文,每個月都有人重複提起的話題。形容經常有人提起的話題。以女性生理週期比喻。,在大學的論壇裡，學費漲價的問題已經成為每月必談的「月經文」。
木耳,形容聽覺不敏銳、麻木遲鈍。,他跟我講了半天話，我才發現他根本沒聽清，真是耳朵木耳了。
木舌,形容人在品嘗食物時缺乏品味或敏銳度，難以分辨食物的質量和味道。,其實一般人都木舌 看價錢貴 才覺得好吃
毛,指感到不安或害怕的狀態，通常用來形容某人容易緊張或對某些事物特別敏感。,他是整個人都毛很多吧
毛小孩,指寵物。因飼主將寵物當自己的小孩照顧，而有此稱。也作「毛孩」。,每當她下班回家，總是先給毛小孩準備好晚餐，然後才開始忙碌自己的事情。
毛孩,參見【毛小孩】。,每當我感到壓力的時候，我的毛孩總會跑過來陪伴我，讓我感受到無比的放鬆和快樂。
毛很多,形容一個人很麻煩、很囉唆、問題很多,那位小姐真的毛很多，老是挑別人毛病
水,虛有其表、內容很不充實的意思。就像是加了很多水、味道很淡的飲料。 通常用來形容作品、學歷等等。,英國的學歷好像越來越水了。
水水,1.「水」源自台灣台語「媠（suí）」，指漂亮的女生。對女性非正式的稱呼，多用於網路。 2.漂亮。,她今天穿的那件洋裝讓她看起來特別水水，大家都忍不住多看了兩眼。
水很深,比喻某事物表面看似簡單，但內部涉及很多複雜因素或潛在風險，有待進一步深入了解。,最好再送去鑑定一下，翡翠水很深
水軍,指在網路上受雇發表特定評論、操作輿論或影響公眾意見的群體，通常以虛假的或誇大的方式為某一方站臺或攻擊反對者。,目的就是創造一種由上而下（而不是由下而上）的網路民意，引領水軍、網路暴民和志願者侵害民主社會的多元意見。
水逆,指「水星逆行」的簡稱，源於占星術。被用來形容某段時間內諸事不順、運勢低迷的情況，與星座、命運相關的話題掛鉤。,最近真是水逆，工作上一波三折，連手機都掉進水裡了。
水桶,指被官方禁止留言。,「由於在直播中發表不當言論，他的賬號被水桶了一週，無法留言。」
水喔,漂亮、厲害的台語。,你的新髮型真的很水喔！
火,指受歡迎、熱門或被關注的狀態。,1. 遊戲類股真火2. 戰績好時火掉說是戰術不合有點沒說服力
牙拜,譯自日文，糟糕的意思,我忘記上網課了，牙拜
牙起來,生氣,聽完你這離譜的說法，我真的快要牙起來
牛肉,在互聯網和科技界的俚語中，指某項計劃或產品中真正有價值的部分或核心內容。,感覺牛肉要等到新機發布才會端出來……先繼續觀望
王道,指某種事物或方法被普遍認為是最佳或最具優勢的選擇。,老派的大排氣量、多缸數還是王道啊
代駕,指由專業司機代替車主駕駛車輛的服務，通常在車主不適合或無法自行駕駛的情況下使用，例如飲酒後。,最好就是不用酒價 看是要代駕還是搭大眾交通工具
出4,「出事」的諧音。延伸為遇到麻煩、出狀況。也作「初四」、「初4」。,出4了！我的電腦開不了機了！明天報告要用的檔案都在裡面！
出征,一群擁有相同理念的群眾，因不滿關注的對象遭到質疑、批評，為了幫其辯護而大量湧入他人的社群，在網路上進行留言攻擊，此行為稱為「出征」。,當明星在採訪中的不當言論被放大解讀後，其粉絲們立即組織起來，準備出征那些在網路上發表批評的用戶。
出保,指保固期限已過。,這台洗衣機昨天才剛出保，結果今天開始漏水，真是倒楣。
北漂,為了更多的工作機會而離開原來生活的地區，往北部發展。在台灣，「北」多指「台北」。,Lisa在畢業後決定加入北漂族行列，搬到台北尋找更好的職業發展機會。
卡好,比較好,這件衣服的設計簡單，但品質卻卡好，值得考慮。
卡頓,指電子設備在操作過程中出現卡住或停頓不流暢的現象，通常是由硬件限制或軟件優化不佳引起的。,三星拍照就是爛卡頓
句點,結束話題。,你一直被她句點，她應該對你沒有意思。
可撥,「可悲」的意思。,講了這種話還刪文，實在是可撥啊！
可黏,「可憐」的諧音。,她忘記帶傘，淋得全身濕透，真是太可黏了。
可i,「可愛」的意思。 語源：拉丁字母「I/i」在英語中的發音/ˈaɪ/，接近漢語中的「愛」。,她今天的打扮真是太可i了，讓人忍不住多看兩眼。
台女,原指台灣的女性，但如今卻逐漸變成一個貶義詞，通常跟愛慕虛榮、公主病相關。,呵呵，果然是臺女，聽到要AA就不去了
台主,透過承租夾娃娃機台、並擺放物品提供夾取以營利的人。,自從小王成為夾娃娃機的台主後，他每週都會去檢查機台並補充新的獎品，生意越來越興隆。
台獨,台灣獨立運動的意思,在日前的論壇上，專家們就台獨的可能性展開了激烈的討論。
史密斯,「什麼意思」的連讀。,當他聽到有人說「這件事情史密斯」，他感到有點困惑，直到朋友解釋說那其實是「什麼意思」的連讀。
四輪,指汽車或四輪交通工具，通常用來區分於摩托車等兩輪交通方式。,因為ptt酸民只能騎機車 沒錢開車 所以就酸四輪阿
外掛,指通過各種手段修改遊戲代碼，使自己佔有優勢,他在遊戲中使用外掛，使他的角色瞬間升級，迅速超越其他玩家。
尼,網路用語，為「你」的諧音，用於口語化或非正式語境中。,尼覺得我還要賭剩下兩個好不好吃嗎？
左膠,不現實的左翼分子，因執著於其陳舊的思想，故有此稱,他總是一廂情願地支持那些不可行的政策，難怪朋友們都叫他左膠。
左轉,指離開本網頁。,如果你不感興趣，可以隨時選擇左轉。
平行世界,用以嘲諷自己或他人搞不清楚現實狀況。,他居然以為每個人都在等著他發號施令，真是活在自己的平行世界裡。
平行宇宙,調侃他人搞不清楚狀況、沒有現實感。也作「平行時空」。,每次聽他說話都像是在另一個平行宇宙，完全不理解我們現在的處境。
平行時空,參見「平行宇宙」。,在這個故事中，主角無意中打開了一個通往平行時空的門，看到了另一個版本的自己過著截然不同的生活。
打卡,原指上下班記錄出勤時間，現多引申為在某地拍照或確認到訪，通常發表於社交媒體上，以展示到訪或完成某事。,讓這裡瞬間成為打卡拍照熱點
打咖,打網咖的簡稱。也就是去網路咖啡店消費，使用電腦玩遊戲的意思。,放學要揪團打咖嗎？
打馬,「打馬賽克」的簡稱。運用影像處理技術使畫面模糊。,小王在分享照片前，先用應用程式將個人物品的部分打馬，以保護隱私。
打臉,當作找出別人錯認的事實而使之丟臉出糗的意思,他剛才信誓旦旦說自己不會遲到，結果又是最後一個到，這打臉聲音超清脆。
打call,原意為演唱會現場觀眾以螢光棒等方式與台上的表演者互動的形式，後引申為表達對某人，某事，某物的支持和贊成。,新專輯一發行，我當然要為我最喜愛的歌手在線上打call，以表達我的支持和喜愛。
本子,色情漫畫的代稱,他剛買了一本本子，放在書架的最上層以免被家人看到。
本斥但大,本來想要斥責、排斥的事情，但是錢、福利太大所以妥協了。,本斥但大，原本說不當加班狗，結果加班費開到1.5倍，我已經打卡上班了。
本宅,網路用語，指代自己，通常用於描述某人自己的觀點或經歷，以自稱為第三人稱的方式增加敘述的趣味性。,本宅今天第一次在路上看到小改款的白色IS，遠遠的看，根本帥爆
正太,泛指6歲至14歲未成年男性,正太我的最愛
正能量,正面、正向的情感或思想。,每當我感到沮喪時，朋友們的鼓勵總能給我帶來正能量，讓我重新振作起來。
正義魔人,延伸道德規範至不合理地步的人。,在網路上，不乏正義魔人對於別人無心的小錯誤大肆批判，卻忽略了理解和包容才是建立和諧社群的基礎。
母單,自母胎就單身的意思，又作「牡丹」,我是個可悲的母單仔，都快30歲了還教不到女友
母湯,台灣台語「毋通（m̄-thang）」。不可以、不要的意思。也作「毋湯」、「恩湯」。,你晚上不要一個人去那裡，太危險了，母湯母湯！
汁妹,「把妹、虧妹」的意思,他總是在派對上充當汁妹達人，不放過任何搭訕的機會。
瓜,指的是八卦或秘密事件，多用於形容有人或事件中涉及醜聞或令人感興趣的內幕。,沒有瓜，不用板凳，清白簡單清楚，抓一個告一個
瓜張,「誇張」的意思,他說他每天跑十公里，真是瓜張得讓人無法相信。
甘阿捏,用來強烈懷疑他人的用語。,我剛跟你借五百塊，你現在居然說你沒錢吃飯？甘阿捏？
甘蔗男,形容一開始對戀人非常體貼、溫柔，讓人覺得甜如甘蔗，但隨著交往深入，逐漸顯露出冷漠、自私甚至傷害人的本性，就像甘蔗越嚼越渣。,一開始對我很好，現在完全冷漠，真是個甘蔗男。
生火,激起購買欲望。,這款精心設計的新產品成功地在市場上「生火」，讓消費者紛紛趨之若鶩。
生肉,指未經翻譯或處理的原始日文內容，例如日文的動漫、漫畫、小說或影視作品，通常需要具備日文能力的觀眾才能理解。,這部漫畫目前只有生肉，還沒人翻譯
生快,生日快樂,今天是你的特別日子，生快！希望你有個愉快的一天。
生無可戀,生活已經沒什麼好留戀的了,面對接二連三的挫折，他頹然坐下，感覺彷彿生無可戀，只想逃離這一切。
甩鍋,將責任或失敗的原因推到他人身上。,每次出了問題，他總是第一時間甩鍋給其他同事，從來不承認自己的失誤。
白嫖,白嫖指的是不花費金錢或付出代價，僅依靠免費的方式獲得產品或服務，常帶有戲謔或不勞而獲的意味。,他每天都白嫖遊戲裡的免費獎勵，雖然不充錢但還是玩的不亦樂乎。
白爛,指一種故意裝傻、耍賴或不負責任的行為態度，通常帶有無所謂、懶散、不理會後果的意味，亦可以形容一種搞笑的、不正經的風格,1. 他明明知道該做什麼，卻裝白爛，什麼都不管 2. 他的白爛行為有時候還挺搞笑的。
立馬,立即、馬上，表示動作迅速而毫不遲疑。,一看到有折扣，小美立馬下單訂購。
立flag,指預先做出某種預測或承諾，通常因為語氣過於自信或倉促，而最終未能如願以償，反而產生相反結果的情況。,講認真的不要亂預告 容易立flag
共餐,指多人共同進餐的社交活動，通常在社區或公共場合舉行，旨在促進交流與社群凝聚。,台北市8月6日宣布13日起暫停社區老人共餐，地方反彈不便民
再起不能,再也無法振作起來、再也無法打起精神、重傷無法再戰的意思,經過連續多次的打擊，他的事業最終陷入困境，幾乎再起不能。
再戰十年,指事物歷久不衰、好用耐用，不會被新推出的事物取代。也作「再戰10年」、「再戰」。,雖然這款手機已經推出超過五年，許多用戶依舊讚譽它的實用性，甚至預言它可以再戰十年。
印象派,原指19世紀末的一種藝術流派，強調個人感受和瞬間印象。在當代俚語中，常用來形容基於個人主觀印象或直觀感受而非具體數據或證據的評論或回答。,難道板友們的印象派回答會比政府的統計資料精確
吃土,指經濟拮据，無法買食物填飽肚子，只能吃不用錢的泥土。,花太多錢買演唱會的票，看來這個月又要準備吃土了！
吃瓜群眾,用來形容那些對熱鬧事件保持圍觀態度，但並不參與其中或發表意見的人,這場網紅撕逼太精彩，吃瓜群眾已經擠爆評論區了
吃素的,指某人怕事、軟弱。,他在會議上總是吃素的，從不敢對老闆的提議提出質疑。
吃播,以吃東西為主題的直播形式。,小明最近迷上了吃播，每天都會在網路上觀看他的偶像吃遍各地美食，了解不同地方的飲食文化。
吉,字形似「告」而作為「告」的用法。多為避免「提出告訴」的法律用語及責任。,講這種話小心被吉。
同人,指自創、不受商業影響的自我創作，或自主的創作，比商業創作有較大的創作自由度。,作為一名漫畫愛好者，她經常投入創作同人作品，享受不受商業束縛的自由表達。
同框,指兩個或多個人物、物品同時出現在同一個畫面或照片中，通常用來描述一起合影或一道出現的情況。,首度同框入鏡
同溫層,因生活圈相同，價值觀、想法和立場接近的群體。,在社交媒體上，人們往往會與自己的同溫層互動，因為他們更容易理解彼此的觀點和價值觀。
吐槽,台灣台語「黜臭（thuh-tshàu）」，指出他人短處或不給面子。,當朋友們一起聚餐時，小明忍不住開始吐槽阿強，說他的歌聲就像貓在尖叫一樣。
回文,在論壇或社交媒體上指用戶在自己的帖子或評論下添加新的回應，有時是在對他人的回應中進行糾正或添加補充說明。,欸 你是不是不會編輯回文啊，一直刪到推文= =
回憶殺,指某一事物、場景或事件喚起人們對過去美好時光的強烈回憶和情感共鳴。,5千名歌迷齊聚，一同穿越30年回憶殺
地雷,表示實際有害/價值不符/令人受騙的人/事/物,這款看似優惠的保險計畫其實是個地雷，隱藏了許多不利條款。
地獄,帶有嘲諷的玩笑，將他人的痛苦作為幽默、笑點。大多以歧視、刻板印象、災難等為開玩笑的對象。,他們在聚會上講了一個地獄笑話，把天災人禍中的受害者當成了笑柄，引得在場的人神情尷尬。
地獄哽,地獄哽指非常黑暗或不合時宜的笑話，通常涉及敏感或禁忌話題，會讓人引起不適或尷尬的笑料。,他的地獄哽讓整個房間瞬間安靜下來，大家不知該笑還是保持沉默。
好 Chill,形容放鬆、愜意、很酷的生活方式。,今天下課後去河邊散步，吹著涼風，人生好 Chill 啊！
好了啦,用在文章內容太超過時，表現出旁人勸架的語氣，帶有嘲諷原po表現太超過，在惱羞、硬要的意味。較常出現在政治文、仇女文等戰文類文章的推文中。,好了啦，講這麼多結果還不是你自己玻璃心碎滿地。
好人卡,指在表示感情時，被對方以「你是個好人」之類的話語間接拒絕的情況，暗示未能進一步發展戀愛關係。,小張告白後只收到一張「好人卡」，心中有些失落。
好棒棒,指以諷刺或貶低的口吻稱讚他人；表面上誇獎，實際上帶有諷刺意味。,阿不就好棒棒
好解 / 很解,指當某人說話或做某事時，讓你瞬間從期待轉為反感，甚至讓氣氛冷卻、掃興。,我原本覺得對他滿暈的，但他竟然衣服穿到荷葉邊都不丟，真的讓我很解。
好蒿爽爽,「好好爽爽」的意思,"剛買了新遊戲,今天回家要好蒿爽爽。"
安安,打招呼的用語。,安安，大家好啊！今天有什麼有趣的話題嗎？
安堆,用於指某人或事物因未被足夠關注或低調，而被錯誤地認為沒有價值或重要性的現象。,他又高又帥怎麼會沒人知道！安堆！
忙內,韓語中指團體或群體中年齡最小的成員，通常在團體中享有特別的關愛或特別的角色。,年紀最小的婁峻碩當然是「忙內」
扣打,指一定時間內被允許使用的數量或配額，通常用於描述限額、容量或任務的分配。來源於英語「quota」的音譯。,這個月的數據流量已經用完了，我得等到下個月才能重新獲得新的扣打。
收割,在政治或經濟環境中，指一個人或組織透過某種方式佔有、控制或利用資源、成果，通常帶有牟取不勞而獲利益的意味。,柯文哲的無圍牆博物館僅是「收割地方、綁樁文化」
早鳥,源自諺語「早起的鳥兒有蟲吃」。形容在預定時間之前的時段，通常用於提供特別優惠或服務。,許多顧客利用「早鳥」特價，在開店前就排隊等待，以獲得五折的早餐優惠。
有一樁沒一樁,形容事情不確定或不連貫，或者分散注意力的事情時有時無。,他總是有一樁沒一樁地忙著，卻始終無法集中精力完成手頭的重要工作。
有料,形容事物有真實力或東西豐富、有意思，不是空洞的。,這間燒肉店的肉盤超有料，滿滿的和牛還附贈干貝和蝦子，CP值爆表！
次元刀,形容能迅速且精準地切入問題核心或劃分界線的能力或工具，通常帶有超乎尋常的效果或影響力。,說的好像跟你無關一樣，廖董這次元刀也真厲害
次世代,指技術、設計或產品在現有標準基礎上具有顯著進步的下一階段或新一代。,次世代主機Xbox Series X及Series S將於11/10在台上市
百搭,形容具有高度的搭配性和適應性，能與多種風格或類型的服飾、配件等相配，不易出錯。,休閒V領拋袖針織百搭上衣藍
老六,指射擊遊戲中，躲在暗處用「不講武德」的方式取勝的人，後用來諷刺不擇手段或使用陰險方式的人,這個老六又搞偷襲，臭不要臉
肉球,肉墊，多指犬貓腳掌沒有毛的部分。,每次小貓走過木地板時，她粉紅色的肉球都在地面上悄無聲息地移動著。
肉搜,指利用網路或社群，依循對方留下的資訊，搜索出更多個人訊息，可能包含其真實身分、照片等隱私。,由於在網路上發表了一篇引起爭議的文章，小李很快就成為了肉搜的對象，許多他的私人資訊被曝光在網上。
自助餐,指某人只想獲得利益、不願負擔相應的責任與風險，或標準不一，只承認對己方有利的說法。多含貶義。,他總是挑選那些對自己有利的規則，而忽略其他規範，簡直就是在玩一場道德自助餐。
自肥,指利用一些手段為自己謀求利益、名聲等。 有時也用在在自己的創作中刻意給自己（或自己喜歡的角色）安插戲份、登場機會。,作為電視劇編劇，他被指控在劇情中自肥，給自己飾演的角色增加了大量戲份和煽情劇情。
自媒體,指一般大眾藉由網路，向不特定多數人發送資訊，是有別於報紙、電視新聞台等傳統媒體的新型媒體。常見的自媒體平台有部落格、社群網站或Podcast。,隨著自媒體的興起，越來越多的人開始在社群網站上分享自己的見解和生活故事，形成一股新的內容創作潮流。
自嗨,自我娛樂或自我滿足的狀態，通常指某人在沒有外界反應或支持的情況下依然興奮或沉浸於自己創造的活動中。,這頻道都粉絲在自嗨
自曝,自我曝光，公佈有關自己的訊息。,在訪談中，他自曝即將參演一部大片，引發粉絲們的高度期待。
自爆,指個人主動公開或承認自己曾經隱藏的缺陷、失誤或尷尬事件，通常是無意間或為了博取同情或笑聲。,他還自爆，上路首日發生民眾使用悠遊卡靠卡東西就掉下來
虫合,蛤的拆字型拆解，參見「蛤」條目。,虫合??你確定嗎？
血流成河,指看熱鬧並期待情勢失控或有驚人的發展。,在網上的辯論中，他們煽動情緒，似乎非要鬧到血流成河才能罷休。
行充,「行動充電器」的簡稱。,出門旅行時，別忘了帶上行充，免得手機半路沒電了。
行動支付,指使用手機、手錶或手環等隨身電子產品付款。,在現代社會中，行動支付已成為人們日常購物的主要方式，用手機輕輕一刷就能完成付款。
伸手,指只會發問，卻不會先查資料的人。也作「伸手黨」、「伸手仔」、「伸手牌」。,A：欸，你知道那個報告的截止日期是什麼時候嗎？ B：自己去查啊！別老是伸手，上面都寫得很清楚了。
伸手牌,指只會發問，卻不會先查資料的人。也作「伸手黨」、「伸手仔」、「伸手」。,小李在群組裡問了一個簡單的問題，大家都說他是典型的「伸手牌」，因為他從沒嘗試過自己查找資料。
低消,指商家設立的最低消費額度，顧客需滿足此額度才能享受特定服務或優惠。,熊貓外送現在有低消R
低碳,1.「低碳排放量」的簡稱。 2.「低碳水化合物」的簡稱。,許多城市正在推廣低碳生活方式，以減少溫室氣體的排放並保護環境。
低端,1.社會底層或階級較低的人。也作「底端」。 2.譏諷愚昧或道德觀低下的人。,在他們的談話中，經常聽到對於不同職業的偏見，尤其是那些被認為屬於「低端」工作的人。
低端人口,指社會的底層階級。用於自嘲或調侃別人。,唉我們這種低端人口去不起那種地方消費拉。
住海邊,形容一個人多管閒事，管轄範圍如海岸線一樣寬。,不要每件事都插手，大家又沒求你意見，這麼住海邊不累嗎？
佛,形容事物平和、隨和、不計較或令人感到滿意的狀態。多用於描述價格合理或態度悠閒隨意。,1. 品質穩定，這個價格很佛2. 我就很佛啊，懶得算這遊戲去哪邊練等划算，反正有怪就打
佛心,形容慈悲如佛，具有善心。,即使面對批評和誤解，他仍以佛心待人，努力幫助需要幫助的人。
佛系,指一種沒有很在乎、順其自然、隨緣的態度。,我喜歡佛系工作，努力做好自己分內的事，其他事情則順其自然。
你那邊還來得及,用於當別人講的事情是過時的，或是大家都已知道的事等，表示講話的人跟大家是活在不同時空而且還活在過去，還沒發生一些大家早發生的事。該句後面會加上一些對大家來說是過去發生的不愉快事情，而請講話的人去阻止。,你那邊還來得及，快去阻止蘋果發表第一代 iPhone，不然智慧型手機就要改變世界了！
免運,「免除運費」的簡稱。,下單滿300元即可享受免運優惠，讓購物更輕鬆便捷。
初4,網絡用語，表示一個人第一次生氣或不快，帶有調侃和可愛感，類似於說「第一次生氣」。,初4惹，他生氣惹
初四,參見【出4】。,「我們決定在初四那天舉行家庭聚會，因為大家都可以安排好時間。」
否放,For fun 的音譯，常用於開玩笑地表示放棄、不計較或隨意處理的態度,不爽打了，這場否放吧～
含金量,形容某事物的價值、品質或重要性。,雖然這款手機價格偏高，但配置和性能的含金量絕對對得起這個價位。
吹哨者,首先揭露團體內部問題的人。,在公司貪污醜聞爆發後，公司的前會計師被譽為關鍵吹哨者，因為她首先揭露了內部的財務不當行為。
囧,顏文字，從字形看起來像是一個表情，且與「窘」字同音。用以表示尷尬、受不了或被打敗等意思。,考試時突然忘記所有公式，我心中只浮現一個「囧」字。
坑,(1)地面上的凹洞。(2)陷害、欺騙。(3)引人深深投入其中的任何事物。對某個主題開始關注、開始遊玩某個遊戲可以稱為「掉坑」、「入坑」；反之則稱為「脫坑」、「退坑」。(4)自己的創作。開始一項創作稱為「挖坑」；將未完成的創作繼續完成稱為「填坑」。常見於腐女圈。,(1)今天回家路上被地上的坑絆到，摔了一跤。有夠倒楣！ (2)網購買來的東西實品品質比照片差了很多，這根本就是被坑了嘛！ (3)最近朋友推薦了我幾個有名的Vtuber，然後我就入了Vtuber這個大坑。 (4)自己挖的坑自己填。今天不把這張圖畫完我不睡覺！
尬,原為尷尬的縮寫，表示令人不自在或難以應對的情況。引申為比拼、較勁，如在比賽或活動中相互較量。,1. 極速拍檔的企劃直接買新車尬2. 呼聲這麼高結果沒奪冠，全場都很尬==
尬車,指在駕駛中，雙方駕駛者以競爭或挑釁的心態故意互相追趕、超車或進行其他冒險行為，通常不按規則行車，增加交通事故風險。,雙方相互尬車、逼車
尬聊,最少兩個人的情況下強硬提出話題聊天。 例句：他這樣尬聊只是浪費他們的時間,儘管大家都對那個話題興趣缺缺，他還是繼續尬聊，把整個場面搞得很尷尬。
尬電,源自於英文的 God Damn，感到驚訝的時候可以使用。,尬電！我他媽的又搞砸了！
尿性,「調性」的近似發音，用來以貶低的方式描述調性。,根據演藝人員的尿性，這次他們一定照樣跪舔的啦！
屁孩,自以為是、不知反省和自量、調皮搗蛋、愛給人添麻煩的青少年,校園裡的那群屁孩總是在上課時間偷偷玩手機，讓老師非常頭疼。
快充,快速充電技術，能在較短時間內為電子設備充電，大大縮短充電時間。,不開快充1%充到滿約130多分鐘
快閃,形容事物存在的時間短暫，過了便消失不在。,當流星劃過天際，只留下短暫的光芒，就像一場快閃的奇蹟。
我有一個大膽的想法,懷抱著一些在別人看起來會有些不切實際的夢想,我有一個大膽的想法，說不定我買個樂透就能中頭獎，不用上班了。
我沒了 (wml),原是從「啊我死了」、「我可以」延伸而來，用於連前者都無法表達內心的激動，承受不了對方的優點，類似暈船了、快不行了等詞的意涵。wml 為本詞的拼音，為相同意思。,朋友送了一個手作禮物，還寫了一張卡片... wml
我是什麼很賤的人嗎,自嘲式抱怨，當遇到衰事或不順心的事，常用這句來自我調侃。,早上穿了新鞋，出門就踩到狗屎，我是什麼很賤的人嗎？
我們懷念他,緬懷有些人在中國或其他人身安全不穩定的處境下做出挑戰當局者的舉動，就算有性命不保之虞。,他當年在牆內發了一篇批評政府的長文，從此人間蒸發...我們懷念他。
我婆,通常用於指代二次元女性人物或公眾人物，特別是受到崇拜或喜愛的女性，類似於自己心中的女神。,我婆星野真的好可愛
我就爛,源自梗圖，表達一種自嘲式的放棄態度。,作業寫不完了，我就爛，明天隨便交吧。
扯,在口語中指誇張、不切實際或不可信的言論或行為，也可表示閒聊、胡說。,他剛才說的那些投資計畫，聽起來有點扯，可能不太可靠。
把拔,有些地區或家庭中，小孩用來稱呼父親的親暱叫法，類似於「爸爸」的意思。,把拔我好餓喔
抖內,參見「斗內」。,昨天我在直播時，有人特意抖內了一筆幫助我改善設備。
抖M,只從被虐待得到快感的人,一天工作10小時，你是抖M嗎？
抖S,指施虐癖好或具有施虐癖好的人,他的朋友們常開玩笑地稱他為抖S，因為他總是喜歡開一些小玩笑來捉弄他們。
沒路用,不中用,小明的鬧鐘壞了，鈴聲響不出來，真是個沒路用的東西。
沒圖沒真相,通常是看見有人在網路上發表一些難以置信的事情時，向對方要求照片或圖片做為證據時使用的句子,小李說他中了彩票頭獎，全辦公室的人都笑著說：「沒圖沒真相，你得拿彩票出來讓我們看看！」
沒綽,「沒錯」的意思，帶有詼諧語氣,你說的沒綽，我十分認同。
沒u,沒有,這次聚會我沒u時間去參加。
沙雕,指一種幽默且無厘頭的行為或說話方式，通常帶有自嘲或諷刺意味，用於形容可愛又傻氣的人或事情。,小明穿著睡衣就出門買早餐，真是個沙雕行為。
牡蠣,「鼓勵」的意思,給他一點牡蠣
男一,即戲劇中的第一、主要男主角。,在這部電影中，張先生擔任男一，完美地詮釋了一個充滿魅力和勇氣的角色。
男神,形容男性外表帥氣、氣質出眾，並具有吸引力和偶像特質的男子。,也讚F4的4位男神又帥又有男人味，根本凍齡！
男團,由多名男性成員組成的音樂或舞蹈團體，通常以演唱、舞蹈及偶像魅力為主要賣點，流行於亞洲娛樂圈。,台灣曾經也有不少男團，但目前大多是解散狀態
秀下限,指對方的行為低級、愚蠢、丟臉、無理取鬧、不可理喻到低於社會文明下限。「秀」是展現、show 的意思。,你不懂就不要出來秀下限！
私訊,動詞，私底下透過通訊軟體聯絡。 例如：「請使用LINE私訊我」、「等等私聊」。有的時候，會縮略成「私」一個字，例如：「私我」，就是請對方私底下聯絡發話者。,他在群裡發了資訊後，立刻補充說：「有問題可以直接私訊我。」
肝帝,形容在某領域中（如遊戲、學習或工作）不斷投入大量時間和精力，以達到卓越成就或完成高難度目標的人。,小明每天在遊戲中投入八小時，最終成為了公認的「肝帝」，所有高難度關卡對他來說都不再是挑戰。
芒果乾,諧音「亡國感」，用來形容刻意炒作危機意識或製造緊張氣氛來達成某種目的，常帶有嘲諷意味。,又來派芒果乾了，明明事情根本沒那麼嚴重。
赤史,吃屎,別赤屎了
赤石,吃屎,你又在赤石了
走心,指將某事件或玩笑看待得很認真，通常因而使人感到氣憤或難過。,小明只是在開玩笑，你別走心了，明白他不是故意要讓你難過的。
走讀,強調以走代讀，透過親身體驗的方式深度認識當地，達到探索、學習的教育目的。,這次的歷史課採用了走讀的方式，學生們穿梭在古城的小巷中，親身感受著城市的變遷與歲月的痕跡。
車充,車載充電器，供車輛內部使用以為電子設備充電的裝置。,我用moshi跟小米無線車充都沒問題喔
里辦,指在當地行政區或街道辦事處進行的正式討論或事務處理場所。,至里辦討論相關事宜
乳華,「乳華」是中文互聯網上的一個貶義詞，通常用來形容那些對中國抱有偏見或敵視態度的西方人或組織，尤其是白人，以乳製品和白人為聯想基點，意在批評其對中國的刻板印象或傲慢態度。,面對媒體的偏見報導，小王不禁吐槽道，真是又一例乳華思維的展現。
乳滑,「辱華」的諧音字，意指汙辱中華民族，常有部分名人因誤觸中國政治正確的敏感神經，遭小粉紅怒斥辱華。,這張小熊維尼的圖乳滑了。
亞洲家長,用以描述亞洲文化背景下的家長的刻板印象。他們強調教育、紀律和成就，因此可能對子女有過份高的期望和要求。,小明每天被媽媽強迫讀五個小時的書，亞州家長真可怕。
刷,指透過反覆刷新或更新來獲取新訊息，或快速、大量地進行某種操作，如點讚、評論等。,1. 垃圾網路，現在才刷出訊息2. 立即被家長刷一排讚爆
卷,形容一個人過度的努力或競爭，而顯得他人特別不足。,大半夜的又在卷，可以放過自己嗎？
呱張,「誇張」的諧音。,他那段故事聽得我直呼「呱張」，根本像小說一樣天馬行空！
呵呵,笑聲，常用於嘲諷。也作「ㄏㄏ」、「厂厂」、「廠廠」、「盒盒」。,當我告訴他我把簡報弄壞了，他只是淡淡地回了一個「呵呵」，讓我覺得他並沒有打算幫忙。
咖小,角色的台語。現多為嗆人身份地位的時候使用。,哩洗蝦米咖小？
咖啡話,咖啡話的意思是吸完毒後所說的話，「幹話、屁話、胡言亂語」的意思。,他昨晚太嗨了，整晚一直在講咖啡話，讓人摸不著頭腦。
坦,英文「Tank」，原指遊戲中替團隊擋下傷害，後擴大至一般生活中，即挺住、撐住意思。,這段時間工作壓力很大，但我會「坦」住，不會輕易放棄。
姆咪,由於缺乏明確的語境，「姆咪」可能是一種網路用語或語氣詞，常用於遊戲或聊天中無特定含義的音譯詞，表達一種隨意或親密的情感。,姆咪，開打前我會壓Vit或fnc 開打完…
定位,利用GPS系統或其他通訊訊號確定物品或人所在的位置。,小明使用手機的定位功能找到了他遺失在公園裡的錢包。
底迪,源自閩南語，指小弟弟或年輕的男性。常用於表示對方的年齡較小或不夠成熟。,底迪你太年輕了
底端,參見【低端】。,由於資源有限，他們只能購買市場上的底端產品。
怕周球,打桌球,小明每天下班後都會約朋友去打怕周球，提升他的桌球技巧。
怕豹,現用於對某事物或情境表示過度恐懼或焦慮，尤其是在情況尚不明朗或危機被誇大影響時。,台灣本土一天要+多少大家才會陷入恐慌?怕豹?
拉一坨,拉屎,湖人隊有拉了一坨
拉黑,表示在社交媒體或通訊軟體上將某人加入黑名單，阻止其與自己進行聯繫或觀看自己的動態。,由於不堪忍受對方的騷擾，她決定直接把他拉黑了。
拍謝,閩南語用詞，意指「不好意思」或「抱歉」。用于表示對某件事的歉意或羞愧之情。,朋友來我家玩掃到颱風尾被我罵到哭（拍謝小時候不懂事）
招黑,引起他人的惡意、招致負面輿論攻擊。,他的發言不當，再次在社交媒體上招黑，引發了大量批評。
放生,原指將捕獲的動物釋放回自然環境中，此處引申為在無法溝通或包容的情況下，選擇放手或讓某人從自己的生活中退出。,不能接受能否溝通，不能溝通能否包容，不能包容就放生吧
放閃,情侶在公開場合中展現甜蜜舉動。,在咖啡館裡，他們倆不停地放閃，讓旁邊的顧客都忍不住露出微笑。
放推,指放棄或不再追求某種目標或人生計畫，任由事情自然發展，不抱特定期待。,結婚、買房什麼的都沒在人生計畫內，這輩子已經放推的人多嗎?
放鳥,共同約定好的時間不出現。,小明約了朋友一起去看電影，卻在最後一刻臨時有事放鳥，讓朋友一個人在影院等了半天。
杯具,網絡用語，諧音於「悲劇」，用來形容事情發展不如預期，令人失望或沮喪的情況。,三星太快推快充 只會杯具 用一堆發哥是因為自身產能炸裂
杰哥不要！,出自一部性侵害防治教育影片中的台詞，用來調侃或幽默地表達拒絕、抗拒某事的情境。,朋友聚會上，有人醉得不省人事，另一個朋友說：「我送他回去。」旁邊的人開玩笑說：「杰哥不要！」
板凳,1.看熱鬧的意思。 2.被忽略、冷漠的意思。,1. 看熱鬧的意思：每當網絡上出現熱門事件時，他總是在社交媒體上擺好板凳，準備看個熱鬧。2. 被忽略、冷漠的意思：在公司的重大會議中，他經常感覺像是坐在板凳上一樣，被其他人忽略掉。
林北,台語的「你爸」，華語音譯。一種粗魯的用詞，提高說話者地位。,林北錢就是比你多，我想怎麼花關你屁事。
河蟹,「和諧」的諧音，泛指各種機構使用強制手段禁止或刪除某些網站內容。,由於某些敏感話題的討論，該論壇的多個帖子近日被河蟹，網友一片嘩然。
油土伯,youtuber 的意思,小美夢想成為一名成功的油土伯，分享她的旅行經歷和生活點滴。
波波,指鑽台灣法律漏洞，到波蘭等國家讀醫學系以繞過台灣嚴格就業門檻的富貴子弟,那群波波仗著家裡有錢，即使資質昏庸也可以在台灣當醫生，政府也默許他們，真台灣一大悲哀。
炎上,原本指猛烈的引火燃燒現象。但在台灣網路應用上，指一個人在網路上失言、行為引起紛爭或大量討論，而在網路被網友猛烈攻擊的形容詞、動詞。,這種操作不炎上才怪！明顯就是想蹭熱度，結果被網友反噬了哈哈。
爬,指搜尋或瀏覽網絡上的資訊，通常用於查找特定話題或資料。,有先上網爬了一些文 說這款能保護脊椎、分散背部壓力
爬文,網路用語。即詳細閱讀文章，或在網路平臺張貼時，先查詢有無類似的文章或貼文。,在提交新帖之前，記得先爬文，確保沒有重複的內容以增加討論的價值。
物料,由官方公司或明星本人分享給粉絲的訊息，包括照片、文字或影音，讓粉絲能理解明星的日常生活或工作內容。,明星在社交媒體上發布了最新的物料，包括他在拍攝現場的花絮和一些日常生活中的點滴，讓粉絲感受到他的親和力和真實一面。
物管,物業管理的縮寫，指專業團隊對建築物及其附屬設施進行日常維修、保養、安全管理和清潔等工作，以改善和維持物業的生活品質和價值。,忠泰名宅專屬物管服務「聚泰物業」相輔相成
狗勾,就是狗  只是有些人很幼稚喜歡用疊字 然後句尾key還要上揚變一聲,這邊有隻豪可愛的狗勾
盲測,在無法辨別商品的品牌、外觀或價格等資訊的狀況下體驗產品，給予評價。,在咖啡品鑑活動中，參加者們進行了一場盲測，比較不同品牌的咖啡豆，結果發現大家最喜愛的竟然是本地小作坊的出品。
直上,在不考慮預算或其他限制的情況下直接購買更高級或昂貴的產品或服務。,手機是iphone 沒預算直上apple watch
直男,「直」來自於英文的「straight」，原指異性戀的生理男性。後衍生出負面義，形容不體貼、大男人主義、講話不考慮他人心情的男性，同時亦衍生出「直女」等相似詞。,小李在聚會上總是只顧著講自己的事情，絲毫不在意別人的感受，大家私下都稱他為典型的「直男」。
直球對決,指雙方以直接了當的舉動或言語互相對峙、一決勝負。,在會議上，小李用直球對決的方式向主管提出質疑，要求對方正面回答問題。
直播主,以直播為職業，在網路平台上公開直播的人。也作【實況主】。,小美是一位知名的直播主，每天晚上在網上與粉絲互動，分享生活點滴和遊戲心得。
社死,指社會性死亡。意思為自己在他人、群體中做出令自己感到羞恥、丟臉、出醜之事。,我在學校睡午覺時不小心睡到打翻桌子，害得全班驚醒，真是社死現場。
社恐,「社交恐懼症」的簡稱。擁有此特質的人難以適應社交場合，會因為與他人互動而產生不安、緊張、焦慮等負面情緒。,小李有嚴重的社恐，每次被要求在會議上發言時，他的心跳就會加速，手心也開始冒汗。
社畜,來自日文，是日本企業底層上班族的自嘲用語，源於「會社」與「家畜」，意思為「公司的牲畜」。,早八晚八，社畜的一天就是那麼的枯燥乏味。
肥宅,喜歡待在家裡不運動，沉迷於遊戲、動畫、網路或宅文化，且可能有發福體態的人，通常帶有幽默或自嘲的意味。,小明自從變成肥宅後，每天的快樂來源就是打遊戲和吃炸雞。
芭比 Q 了,延伸自烤肉「BBQ」的同音字，用來表示「完蛋了」、「慘了」，出自中國電競實況主因為即將輸掉遊戲，脫口而出的：「完了，芭比Q啦！」，後來也變成各個 TikTok 遊戲博主常用的詞語與配樂。,手機忘記帶出門，連行動支付都不能用，今天真的芭比Q了！
花生省魔術,就是「發生什麼事」以台灣國語發音的版本。,小明一看到周圍一片混亂，立刻驚呼：「花生省魔術？」
花惹發,「What the fuck」的俏皮用法，表示對事物的驚訝,花惹發，我才離開一下怎麼炸雞就被吃完了
表符,符號或表情圖案，通常用於線上聊天或社交媒體中，以表達情緒、動作或物品的圖示化符號。,最近一直看到歌回的聊天室有人把洗手的表符當成拍手www
長姿勢,指學到新知識或獲取新信息，增長見識。,好奇問問而已，長姿勢
長輩圖,泛指長輩們在通訊軟體（如LINE）中常轉發的帶有祝福語、正能量或祈福內容的圖片，通常配以鮮豔的背景色與繁複的設計風格。這些圖片因其獨特的審美和高頻率出現，成為網絡文化中的一種幽默符號。,媽媽又傳了一張長輩圖，上面寫著「週一快樂」。
阿北,指親切可靠的長輩，通常代表能提供幫助或支持的人。,你在裡面出事阿北會救你
阿災,源自閩南語，表示驚訝、感嘆或無奈，多用於面對意外情況或尷尬局面時。,阿災 沒看還是故意裝看不懂
阿珠媽,韓國文化中的大嬸形象，通常指成熟且相對熱情的中年婦女，其特徵通常包括濃妝、細眉、鮮明的唇線等。,當年不但有懷舊的羽毛剪、畫阿珠媽唇線，眉毛也描得超細
阿揪洗,類似「阿珠媽」，通常用來形容「外表」看起來中年、已婚的大叔,希望阿揪洗不要太累
阿罵,台語中對祖母或年長女性的親切稱呼，用以表達敬愛或親近之意。,阿罵要你安全回家
阿薩布魯,指不必要、沒用或品質不佳的物品，常用於形容一些贈品或商品質量低劣、不值得購買。,送一堆阿薩布魯的贈品臺灣價格賣高高
阿雜,形容瑣碎繁雜且無意義的事情，通常令人感到麻煩或不愉快。,如果你是不是很夠人際關係的 通常會被叫去做些很阿雜的事情
雨女無瓜,「與你無關」的諧音用法，有俏皮的語感,你要問我昨天為什麼沒去聚會，這件事雨女無瓜啦！
俗辣,閩南語「俗辣」正確書寫體為「豎子」，罵人無能、膽小的意思。,他總是吹噓自己很勇敢，但一遇到困難就馬上變成俗辣。
南部P,形容品質低劣的圖片修改,那張海報上的修圖實在太南部P了，邊緣都沒磨平。
咩噗,用來表達難過的情緒，近似「哭哭」，但由於「咩噗」聽起來就像羊的叫聲，不但可以加強難過語氣，也能裝可愛,她說今天不出來陪我逛街，咩噗～我只好自己去了。
咪咪貓貓,形容輕微的受傷或不適，導致行動不便，但不過於嚴重。,有一次車禍行動不方便，摔一個咪咪貓貓的無法騎車，朋友就來載我出去吃飯
哀低,形容人故意表現出悲傷或沮喪的狀態，以引起他人注意或同情的行為。,可我覺得很多哀低是故意的
哀桑,指對某事物或情況感到悲傷、惋惜或失落的情緒，類似於哀傷。常用於口語和網絡中，表達對過去事物的懷念或對改變的不適應。,現在都不用1922了 哀桑
哇酷哇酷,出自於爆紅的 Netflix 影集《SPYxFAMILY 間諜家家酒》中的角色「安妮亞」經典表情與口頭禪，原文為日語的 わくわく ，網友通常音譯為「哇酷哇酷」、「挖苦挖苦」，用來表示興奮、激動的心情。,這部漫畫竟然推出續集，雖然還要多等一年，但我已經哇酷哇酷起来了！
哏,指「笑點」，好笑的言語或動作。,他的脫口秀表演中總是充滿許多哏，每次都能逗得觀眾哈哈大笑。
姨母笑,指一種發自內心的微笑，通常帶著寵溺或欣慰的情感，就像姨母看著自己喜愛的晚輩般自然愉悅的笑容。,我自動腦補然後姨母笑
客家人,比喻小氣、儉省、苛刻的人，客家人以勤儉、刻苦耐勞著稱，在鄉民眼中就變成愛計較、貪小便宜。,他每次吃飯都堅持AA制，大家都笑稱他是個「客家人」。
屌打,指在競賽、比賽或比較中，以壓倒性的優勢輕鬆獲得勝利或超越。,這場比賽我們屌打對手，輕鬆拿下冠軍。
很躁,很煩躁的意思。,整個晚上都IG都當掉，讓人很躁。
很U,很優、很優秀、太優了,這次的設計作品不僅創意十足，而且細節完美，真的是很U！
急了,表示某人的情緒變得著急、緊張或感到迫切。,看他連續輸了五場遊戲，直接在聊天室狂刷訊息罵隊友，這下是真的急了。
按讚,原為社群平台中，可表達喜歡或支持的一種功能，後引申為認同、讚賞某種人事物。,小明的演講精彩絕倫，博得全場觀眾的按讚與掌聲。
挖礦,指獲取虛擬貨幣或加密貨幣的方式。,隨著比特幣價格的上升，越來越多的人開始投入資金和資源進行挖礦以獲取更多的虛擬貨幣。
是在哈囉,是一種用於表達不滿、困惑或不可思議的語氣詞，通常用來諷刺或質疑對方的行為或態度。,阿你怎麼每天遲到 是在哈囉
查水表,源自中國網絡用語，比喻以官方或權力機構名義進行的審查或調查，通常帶有某種隱含的威脅或壓力。,來日不多 川政府續查水表
歪樓,表示內容已偏離原本的主題,一位網友在「網購好物交流」社團，分享練出好身材的法寶。不過卻因為附上的美女照片太吸睛，讓底下留言全都歪樓。
泉,形容一個人說話誇大其詞、吹牛不實，專門針對那些浮誇的言論。,那個網紅直播的時候狂泉，說自己產品多厲害，結果買回來發現根本不是那回事。
洋蔥,具有讓人流淚或感動的事物。,當我看完那部電影後，它就像一顆洋蔥，讓我忍不住流下了感動的淚水。
洗,指在網絡討論中，刻意扭轉或引導話題，為某方辯護或淡化負面印象。,這幾天八卦板這個話題不知道在洗什麼
洗文,在網路上短時間大量發表重複言論，使整個版面充滿重複的文字，干擾其他使用者。,每當有熱門話題出現時，總有一些人開始洗文，讓討論區裡充斥著相同的留言，幾乎找不到有用的回應。
洗白,指透過言語或行動，使某人或某事物從負面的、受爭議的形象轉變為正面的或被接受的樣貌。,面對大眾的批評，他努力透過公益活動來洗白自己的形象。
洗地,意指為某人或某事件辯護或找藉口，試圖消除先前不利或負面的影響。,最後還要出來洗地給自己找台階下
洗版,在社群媒體或論壇中，大量建立重複或無意義的發文。,昨天在討論區裡，一位用戶開始洗版，讓大家的留言瞬間被大量重複的貼文淹沒了。
洗洗睡,指接受現實、停止努力或干預某事，通常帶有自嘲或調侃的意味，暗示事情無法改變或達到預期目標，不如放鬆心情去休息。,JC前期兩顆頭 鱷魚可以洗洗睡了
洗勒考,「是在哭夭」(是在鬼叫什麼)的國語聽寫,整天大驚小怪的，他又在那邊洗勒考什麼？
洗臉,形容被事實或現實狠狠打臉，常帶有反擊或打破錯誤認知的意味,他說我跑不快，結果比賽被我洗臉了！
洪荒之力,形容需要集中且出力的一種氣力,剛剛打王差點滅團，我用盡洪荒之力才把隊友救回來！
活網,指活絡於網路上，成天沉浸在社交軟體上，所有網路用語、迷因都不會錯過,我弟書不讀整天在那活網 媽媽還以為他教壞朋友
流量,指的是在互聯網中，網站或平台上的訪客數量或可見度，通常用來衡量內容或產品的受歡迎程度。,流量高 大家就做啊
炫耀文,指文章內含有令人羨慕之內容。,今天公司發年終獎金了，領到一大筆，忍不住寫了篇炫耀文，哈哈，誰說努力不會有回報的？
炸裂,形容某事物或情況非常驚人、受歡迎或激烈，超出預期。,1. iphone拍照這麼差怎麼還有人買 還買到銷量炸裂XDD2. 會不會心態炸裂反而更慘？
炸鍋,1.形容個體或群體出現劇烈的情緒反應。 2.爆發。,當公司宣布新的政策變動時，整個辦公室瞬間「炸鍋」，大家紛紛表達自己的不滿和擔憂。
玻璃心,內心像玻璃一樣易碎。形容敏感脆弱的心理狀態，容易受到打擊，經不起他人的指教、評論。,你真的很玻璃心欸，人家講幾句你就爆氣
省長,指很節儉的人。,小李平時總是精打細算，把每一分錢都花在刀刃上，同事們都戲稱他為「省長」。
眉角,指事情中的關鍵或需要特別注意的細節。,分析各酒種搭配時須注意的眉角
科科,參見【顆顆】。,「他講了個冷笑話，結果只有自己在科科笑。」
科普,「科學普及教育工作」的縮寫。用易懂的白話對別人解釋科學原理的意思。演化至今的用法已變成「對別人解釋某種專業知識的原理」。,她喜歡用簡單有趣的方式科普電腦程式設計，讓不懂技術的人也能理解程式的運作原理。
秒～,立刻、馬上。,看到老闆發來的消息，他秒回了一句「已經完成！」。
秒殺,指商品一經推出迅速售罄的現象，通常用於形容某物因高需求而在極短時間內賣完。,主打低總價、高單價建案，卻仍有不少秒殺個案，迅速完銷
穿越劇,描述主角跳脫原來生活的時空到過去、未來，或某個特定虛擬世界的戲劇類型。,這部穿越劇既動人又耐人尋味，講述了一名現代醫生意外穿越回古代，運用現代醫學知識拯救許多人的故事。
穿搭,指搭配服裝和穿著風格的藝術與技巧，強調服飾的選擇、組合與搭配以展現個人風格或符合特定場合需求。,認為簡單的漂亮衣服、具實穿價值與不受時空環境限制能穿得長久，才是聰明的穿搭選擇要素。
紅線,指警戒線、底線，冒犯者將承受嚴重的責難或攻擊。,管理層明確表示絕不容忍欺詐行為，這是一條不能觸碰的紅線。
美肌,指透過修圖或美容手段使肌膚看起來光滑無瑕、完美無瑕的效果。,工作人員常幫他後製美肌
美魔女,通常指保有美貌與魔鬼身材、外表看不出年齡的中年以上女性。,即使已經過了五十歲，那位美魔女依然能輕鬆駕馭年輕人喜愛的潮流穿搭，讓人讚嘆不已。
耍廢,指懶散地度過時間，通常指不做正經事，放任自己處於放鬆或無所事事的狀態。,以前的年輕人，喜歡出門耍帥；現在的年輕人，喜歡在家耍廢。
胃痛,原指因胃部問題引發身體的不適，後多引申為情緒或心理上的「難受」,女主角垂死掙扎的樣子讓人看得十分胃痛
要確定餒,強烈懷疑或是確定錯誤時使用在回覆上,甲：華為在各方面都屌打蘋果吧！ 乙:你要確定欸。
要確欸,「你確定嗎？」的簡稱，通常是用在一種令人傻眼或是很瘋狂的情境，而自己則帶有玩笑成分敷衍對方；又或是對方對某個選擇猶豫不決時，為了再次確認，也會脫口而出「你要確欸」。,你今天早上才喝三杯咖啡就說沒精神？要確欸！
負能量,負面的想法、話或舉動，通常會導致人們難過、自責等等的情緒，或是因為有這些情緒而產生負能量。,他給我灌輸了一堆負能量，害我心情也變很差。
趴,1..英文「part」。指部分。 2.英文「party」。指派對。 3.英文「percent」。指百分比、百分之…的。,1. 在這次計劃中，我們需要專注於第一趴，確保每個步驟都精確無誤。2. 明天晚上有一個生日趴，你要一起去嗎？ 3. 在這次調查中，超過七十趴的受訪者表示支持這項政策。
趴趴走,指在外隨意閒逛或四處走動，常帶有輕鬆、隨性、不拘小節的意味。,頂著素顏、宅女包頭，拿著3大包垃圾趴趴走
重訓,「重量訓練」的簡稱。 例句：可惜腦袋是無法重訓的！,每天早上，他都會花一小時進行重訓，以增強肌肉和體力。
限時動態,有時效性的動態。在社群軟體中透過動態分享系統發佈照片或影片，其發佈的內容都只會存在24小時。,每當週末，他總是會在限時動態上分享他外出旅行的美麗風景和歡樂時光。
限動,「限時動態」的簡稱。,我今天早上的咖啡店打卡照片只發在限動上，因為不想讓所有人都看到。
韭菜,原指一種植物，因其多次收割後仍能再生，衍生指金融市場中被大戶反覆收割的散戶投資者，即常被套牢或賠錢的初級投資者。,小弟也是個韭菜命的小股民想問問看大家有哪些韭菜特質可以早日擺脫苦海 大賺特賺
音遊,音樂遊戲的簡稱。玩家配合音樂與節奏做出動作來進行的電子遊戲。,小明每天放學後都會花一小時玩音遊來放鬆心情，享受音樂與節奏的互動樂趣。
風向,社會大眾對某件事情的看法或評論。,最近幾天，由於新政策的影響，社會上對該問題的風向發生了明顯的改變。
首發,指首次發布或推出某產品、服務或事件，通常用于表示一種新穎或領先的狀態。,很早前就說過了 三星不是衝首發就是等跳水
修但幾勒,台語的「稍等一下」,某甲：這份報告明天要記得交喔。 某乙：修但幾勒，不是下禮拜嗎？
修圖,指使用圖像處理軟件對圖片進行修改和美化，包括調整亮度、色彩、添加效果等，以達到理想的視覺效果。,他透露是老婆希望低調，自己修圖加墨鏡蓋住。
修羅場,起源於佛教的用語。原指稱戰場。衍伸為現實中需要競爭的職場、生活、人際交往等而產生難以負荷狀況。也可指多人複雜的感情關係所造成的場面。,在公司年度大會上，各個部門都全力展示自己的成果，讓整個會議室頓時變成了修羅場，每個人都在激烈競爭，生怕自己落後。
個板,1.「個人看板」的縮稱。也作「個版」。 2.在社群平台上發表不符主題的文章，內容多是個人心得或想法。也作「個版」。,他在論壇的科技區發了一篇拓展人脈的心得文，完全變成了「個板」，結果被管理員警告。
個唱,指歌手舉行的個人演唱會，通常由單一表演者主導，並演唱其曲目。例句中指的是某位歌手完成個人演唱會後立即恢復工作。,結束個唱3天她就復工，也趁機享受天倫之樂
冤種,指做出不明智或愚蠢選擇，導致自己陷入麻煩或被他人嘲笑的人，通常帶有自嘲或调侃的意味。,小王買完高價股票後，剛過一天價格就暴跌，他不禁感到自己像個冤種。
凍未條,台灣台語「擋袂牢(tòng bē tiâu)」，受不了、擋不住。,哇！這麻辣鍋也太香了吧！聞到味道我就凍未條了！
凍蒜,臺灣閩南語中「當選」的諧音，常在選舉活動中用作加油助威的口號，用來支持候選人。,他們熱情高喊加油、凍蒜聲不斷
凍齡,指一個人的外貌或氣質長時間保持年輕，彷彿未受到歲月影響。,歲月彷彿沒在他們身上留下痕跡，凍齡功力引發觀眾討論
原廠,指產品最初生產的工廠或品牌，通常用來描述由該生產者提供的正貨或原裝配件。,隔熱紙費用原廠報價2000元整，不曉得這個價錢是否合理？
原PO,PO為post的簡稱。指原本在社群網路發布貼文或文章的人，因其他人會轉發該貼文討論，故有此稱呼。,原PO後來有更新後續耶，他說他找到走失的狗狗了！
差評,指對某商品、服務或作品的負面評價或低分評分。,中國影迷看完盜版，差評如潮，在豆瓣的電影評分低至4.7分
師,在某些方言或俚語中，表示「的事」或「事情」的意思，通常用於否定句中，增添口語化的幽默感。,一定不師
捉i,「做愛」的俏皮用法,今晚要捉i嗎
旅充,「旅行用充電器」的簡稱。,出門旅行時，別忘了帶上你的旅充，這樣就不用擔心手機沒電了。
時代的眼淚,因為時代的不同，讓人留下傷感的眼淚。意指原本很強勢的東西、文化，變得沒什麼人知道。,當年火遍全國的小靈通手機，如今成了時代的眼淚，讓人不免感傷。
時事,指當時所發生的事情,每天閱讀報紙可以幫助我們了解最新的時事。
時間管理大師,能夠妥善運用時間，時間管理得當的人。,小明不僅連續完成了多個項目，還抽空學習了新技能，真不愧是個時間管理大師。
栓Q,源自英語「Thank You」的諧音，用於表達感謝，多具有調侃或幽默意味。,你幫我做完了這麼多工作，真是太好了，栓Q哦！
氣炸,用氣炸鍋烹調食物。,昨天晚上，我用氣炸鍋氣炸了一盤薯條，味道又香又脆。
氣噗噗,台灣台語「氣怫怫（khì-phut-phut）」，氣沖沖或很生氣的意思。也作「7pupu」、「氣pupu」。,瑤瑤發現她的生日蛋糕被偷偷吃了一半，氣噗噗地跑去問弟弟是不是他做的。
氣pupu,「氣噗噗」的諧音。指一個生氣的人火冒三丈、氣到不斷冒煙的樣子。,哎喲你看他氣pupu欸～
浪浪,流浪動物。通常指貓或狗。,在公園裡，我遇到了一隻可愛的浪浪狗，它對我搖尾巴，彷彿在邀請我陪它玩耍。
海王,在網絡用語中，指擅長同時與多名異性保持曖昧或親密關係的人，通常具有吸引力和情感操作手段。,小明是個不折不扣的海王，每天限動都是和不同女生出遊的照片。
海廢,海洋廢棄物的簡稱，指被人類拋棄或意外進入海洋的垃圾，包括塑膠、金屬、漁具等，對海洋生態環境造成嚴重影響。,46名學員一起在白沙灣淨灘，清出250公斤海廢、定置漁網，認識海洋汙染嚴重
消費,利用或消遣他人以達到個人的利益。,那位商人總是通過各種手段消費他人的善意和熱情，以促進自己的事業發展。
烙跑,「逃跑」的中文口語表達，通常帶有一種責任逃避或不負責任的意味,開盤拉高出貨烙跑 跟上
烙賽,腹瀉的意思，引申為某事物的失敗,這次活動的安排完全烙賽，大家都不知道該做什麼。
烤肉,用於比喻翻譯或字幕化的過程，即將「生肉」加工為「熟肉」的行為，來源於烹飪中將生的食材烹製成熟的過程，形象地表達了翻譯與本地化處理的意義。,這部動畫昨天才出，字幕組還在烤肉中。
病嬌,日語「ヤンデレ」（Yandere）的音譯，指一種角色類型，特徵是因極端的愛意而表現出病態或扭曲的行為。,小美的行為越來越像病嬌，她總是以過度關心的理由監視男友的一舉一動。
真香,表示某人原本堅定的立場，卻因為一點誘惑而態度一百八十度大轉變。,原本說這款手遊垃圾，絕對不碰，結果現在天天爆肝刷活動，真香！
真愛,指對某物或某人的深切喜愛或熱愛，常超越表面因素或條件限制。,真愛！這一代沒有渦輪我就不考慮了
真滴,表示對某件事情的強調或確認，相當於「真的」或「確實」。,他是真滴菜還是來搞的啊?
真D,用於強調某件事情的真實性或程度，類似於「真的」、「非常」。,控制飲食真d難
破大防,又作「大破防」，比喻心裡防線遭受某事擊破導致情緒崩潰。,對面那個選手被反殺的時候，直接破大防，鍵盤都摔了。
破事,煩瑣或令人厭煩的小事或麻煩事。,各種破事層出不窮
神,1.讚嘆某人或某事很厲害。 2.專指特別會搜尋人或物，類似「人肉搜索」。,1. 他在遊戲中竟然以一敵十，真是神一般的操作！  2. 她只用了幾分鐘就找到了我小時候的照片，簡直是神一樣的搜尋能力。
神手,非常厲害的人。,在這場全球鋼琴大賽中，他以無與倫比的技藝奪得桂冠，大家都尊稱他為「神手」。
神隊友,願意互相配合，使事情完成的更有效率、品質更好的團隊成員。,在這次專案中，小明不僅提前完成了自己的部分，還協助其他成員解決困難，真是名副其實的神隊友。
神器,實用、好用的器具。,這款多功能料理機真是廚房神器，不僅可以快速切菜，還可以輕鬆打果汁。
神隱,多指公眾人物因某事件於公開場合、螢光幕上或網路上消失行蹤，未與外界聯繫。,自從醜聞曝光後，那位影星選擇神隱，讓粉絲和媒體都無法聯繫上他。
笑死（鼠）,「笑死」字面上看似想表達某件事很笑到不行，甚至帶有誇飾用法。但是實際上「笑死」的用法更像是「句點」，往往有敷衍的意思。,A: 你看這個超厲害的 AI 程式設計，真的可以自動生成所有代碼！ B: 笑死，生成的代碼能跑再說吧。
笑到黑姑,笑到氣喘（黑姑是台語氣喘的說法）,聽到他那滑稽的故事，我差點笑到黑姑，實在是太搞笑了。
笑果,指由於某種意外或創新的方式，產生出意想不到的幽默效果或笑料。,兩人的《天鵝湖》獨樹一格，反倒造成良好的「笑果」。
笑嗨嗨,形容笑得開心、愉悅、無憂無慮。,這麼用心宣傳的好女婿哪裡找，難怪孟媽一路笑嗨嗨
笑鼠,指某事或某人過於滑稽或尷尬，引人發笑的狀態或情況，用以形容笑得停不下來的程度。,被噓爆 笑鼠
笑點,好笑的點、使人發笑的觸發點。,每當他講笑話時，他總能抓住大家的笑點，讓整個房間充滿歡笑。
粉紅泡泡,1.浪漫美好的幻想。 2.在戀愛中或如戀愛般的幸福心情、氣氛。,每次和他在一起，整個世界都像是被粉紅泡泡包圍，充滿了甜蜜和美好。
粉專,「粉絲專頁」的簡稱。官方於社交平台上創立的頁面，用以發布訊息、與粉絲互動並吸引潛在客戶。,公司最近在社交媒體上推出了一個粉專，定期分享產品更新和促銷活動，以便更好地與顧客互動。
純愛,純愛指的是一種純粹而真誠的愛情關係，通常不涉世俗因素，如金錢、地位等，是心靈上的契合與深厚的情感聯繫。,在這個物慾橫流的時代，他們之間的純愛顯得尤其珍貴和難能可貴。
耗子尾汁,源自中國網絡上流行的諧音梗，原詞為「好自為之」，意指應該謹慎行事，避免不必要的麻煩或損失。在例句中，表示某些事態或情況可能不妙，需注意後果。,這種老舊大樓燒起來真的耗子尾汁
能蟲,屬於昆蟲綱鞘翅目，雜食非常凶殘，體內經常有很多病毒。 在唐朝就已經出現，被劍客李白一劍殺死。,要是能蟲來，我要選李白
草莓,「草莓族」的簡稱。又比喻對壓力挫折承受力低的樣子。,小李是個典型的草莓，工作上一點壓力就讓他無法承受。
蚌,在此處用作形容詞，意指某事物達到極高的水準或完美無瑕，可能源自貝殼的光滑完美。,他的書法寫得真蚌！
衰小,指運氣糟到了極點,我確診還被狗咬，真的有夠衰小
討拍,討取他人的安慰、安撫。,小李今天心情不好，到處和朋友們討拍，希望能得到一些安慰和支持。
財富密碼,指某個產品或商業模式顯現出其高度賺錢的潛力，通常形成跟風效應，吸引眾多參與者競相效仿和投資。,拌麵那麼多人出 就財富密碼吧
起手式,進行某件事時，要做的第一步。,為了展開這場精彩的晚會，確保燈光佈置得當是必不可少的起手式。
迷因,英文「Meme」。在網路上短時間內被大量宣傳和轉發的文字、圖片或影片等，通常是幽默有趣的內容。,最新的迷因把那隻跳舞的貓推上了網路紅人的寶座，大家都被它滑稽的舞步逗笑了。
追劇,指連續觀看電視劇集，通常透過串流平台或錄影設備，一次觀看多集以緊湊進行情節追隨。,公共網路服務是用來上網、查資訊，不是追劇或下載大量檔案
追蹤,關注他人的活動或是行為。源自於「instagram」的追蹤功能。,每次有新的旅行Vlog發布，我都會立刻追蹤，以掌握最新的旅遊靈感。
退追,在社群或影音等平臺取消追蹤。,我發現他一直發一些負能量的貼文，所以默默地退追了，感覺心情比較好。
逆襲,日文「逆襲（ぎゃくしゅう）」。指反攻。,在比賽的最後一刻，他們成功發動逆襲，反超對手，贏得了勝利。
釘,台灣台語「 叮（tìng）」，被人斥責、挑毛病。,每次開會，他總是被主管釘得體無完膚，讓他壓力很大。
釘孤枝,台語，找人單挑、一對一決鬥的意思。,聽說阿強不滿昨晚的輸局，今天要在巷口和大華釘孤枝。
閃退,指應用程式在非正常狀態下自動關閉。,每次打開這個遊戲，它在加載畫面的時候總是閃退，讓人無法正常遊玩。
高玩,高端玩家的意思，泛指在該領域非常駕輕就熟的人。,這劇的隱喻一般人看不懂，高玩解說直接提升觀劇層次！
高歌離席,指在某種情境中離開，帶有從容、愉悅或嘲諷的意味，既可形容自信全身而退，也可指揚長而去時的灑脫或調侃。,笑死，前陣子股票跟到一波直接高歌離席，賺爛了賺爛了
鬼切,指在駕駛中不打方向燈或不顧安全規則突然變換車道的駕駛行為，常造成交通險情或事故。,鬼切真的很令人討厭，昨天上班路上就遇到，還沒打方向燈直接換車道，如果沒減速直接就撞上去了。
鬼轉,指事物的發展出乎意料或劇烈轉折。,1. 這台車直接鬼轉欸，是想被開罰單嗎 2. 這部連續劇最後劇情直接鬼轉，有夠猛 3. 我要鬼轉醫學系了，大家保重
假掰,指裝模作樣、不真誠或刻意表現得矯情，往往給人不自然或不真實的感覺。,不是真心感恩，就不要假掰勉強，要發自內心的事才做
假議題,經常會在公開場合激烈議論、但其實沒有實質討論意義的話題。,政客們花了數小時辯論關於是否要重新設計市政廳外的噴水池，完全忽略了大眾所關切的交通和住房問題，這明顯是一個假議題。
偶,網絡用語，「我」的諧音，用於自稱以增加親切感或幽默感。,想問問各位先進，偶還有機會嗎？
偶包,「偶像包袱」的簡稱。指十分注重自身形象。,小李在公開場合總是小心翼翼，生怕自己的偶包受到一點損害。
唬爛,吹牛、說謊或誇大其詞。,他每次聚會都在那裡唬爛，吹噓自己投資賺了大錢，但事實上根本沒做過什麼。
唯二,僅有的兩個。,他在班上交了兩位朋友，而他們是他唯二可以完全信任的人。
唱秋,囂張的台語。,他每次贏了牌局，就開始在那裡唱秋，一副不可一世的樣子。
啃老,指已到就業年紀，卻不願工作，經濟跟生活皆依賴父母。,小明畢業後一直沒有找工作，整天在家打遊戲，完全靠父母養活，這樣的生活讓鄰居們都說他是在啃老。
商演,指商業性質的演出活動，通常是為企業、商店等機構舉辦特定場合的表演，旨在增加氛圍、吸引客流或娛樂賓客，同時為表演者提供額外收入。,為維持社團正常運作，也會接演商店開幕、婚禮表演、企業尾牙等等商演，藉以賺取外快
啊不就好棒棒,諷刺用語，並不是真的稱讚對方很棒，而是反諷他人自以為厲害，但實際上不怎麼樣,你每天在群組炫耀自己早起打卡，啊不就好棒棒，連假日也不放過啊？
問都問,「有問題就問，全部都給你問」的意思,在美國讀高中，問都問
啥潲,台語漢字，台羅為「siánn-siâu」，意旨「什麼」。是一種粗俗不雅的說法。華語音譯常以「三小」二字出現。,小明: 你是咧衝啥潲？ (你在做什麼？)
圈粉,指吸引他人成為某事物或人物的粉絲或支持者。,好歡樂的分享～已圈粉
國家隊,通常指由國家或政府主導，整合各領域資源和力量，協同達成特定目標或應對挑戰的專業團隊或平台。,金管會與銀行公會共組「金融國家隊」平台，未來將視疫情討論紓困及放款進度。
國旅,指在國內進行的旅遊活動，包括各種觀光、休閒和文化探索，是與境外旅遊相對的一種旅行方式。,國旅大爆發，不少人長途開車出遊
婉君,「網軍」的諧音，指在網路上組織化、系統化進行輿論操作或信息發布已達成特定目標的群體,請婉君別再造謠抹黑了
寄杯,購買飲品先結帳寄存，等待之後有需要時再領取。,昨天我在咖啡店寄杯了一杯美式咖啡，下周開會時正好可以過去取走。
帶風向,指刻意引導輿論或意見，使其朝向特定方向發展，通常運用於網路上或社交媒體引導群眾看法。,為什麼阿公阿嬤容易被帶風向？就因為資訊不對等
康康,「看看」的諧音。,我聽說前面的藝術展很有趣，我們一起去康康吧！
強迫症,屬於一種精神疾病，但在日常語境中，「強迫症」常被用作比喻，形容某人對細節或秩序過於執著，雖然非真正的心理疾病，但帶有調侃的意味。,這張桌子東西沒排整齊，我的強迫症就犯了
彩蛋,藏於最後的驚喜，常指影片最後的額外福利片段。,看完電影後，千萬不要急著離開，因為導演在片尾放了一個彩蛋，揭示了續集的伏筆。
情勒,「情緒勒索」的簡稱。也就是以自己的情緒會不開心當威脅，逼迫對方按照自己的意願做某些事情。,小美常用情勒來讓男友放棄與朋友出遊，希望他能把所有時間都留給她。
捧油,「朋友」的諧音。較為可愛的用法。,在這麼忙碌的時候，還有捧油願意陪我加班，真的是太感動了！
掉漆,原意指物體表面油漆剝落、失去光澤，延伸意思為表現不如預期或有失完美；亦用於形容在某方面露出真實、可愛或不完美的一面。,雖身為女明星，但她毫不掩飾「小掉漆」的可愛個性
掛,1.「八卦」的簡稱。也作【卦】。 2.雖然在即時通訊或遊戲等連線軟體中顯示為「登入」狀態，但使用者的注意力並不在此。該行為又稱作「掛機」、「掛網」。,1. 這週末我和朋友們聚在一起聊掛，居然聊了整整一個下午還意猶未盡。2. 他老是掛著，卻不回訊息，我猜他可能忙著做其他事情。
掛點,指死亡或故障,手機突然掛點，害我聯絡不到人
接地氣,指貼近一般民眾的想法或經驗。,這部電影的劇情接地氣，觀眾都覺得角色的生活與自己的經歷很相似。
推,表達稱讚、推薦，或表示認同。也作「推推」。,「這個餐廳的甜點實在太好吃了，我超推他們家的芝士蛋糕！」
推文,指在網路文章或貼文下方留言回覆。,她在最新的影評文章下推文表示，她同意作者對於電影結局的看法。
推坑,推坑指的是引導或鼓勵他人進入某個興趣、活動或消費行為，儘管可能伴隨著時間或財務上的投入。,小明總是喜歡推坑朋友打新出的電動遊戲，結果大家都忍不住花錢買了。
推高調,指在網絡上將某一事件或話題的關注度提升，使其更廣泛地被人關注和討論。,她有請網友將網聞「推高調」，但與犯罪無關。
推播,1.應用程式透過發送通知，宣傳、告知使用者最新消息。 2.應用程式所傳送的通知。,每當有新的優惠活動時，購物應用程式都會立即推播通知，以確保使用者不會錯過任何折扣訊息。
斜槓,指擁有多種職業或專長。,瑪莉是一位斜槓青年，白天在公司擔任會計，晚上則是攝影師兼瑜伽教練。
旋轉,周旋、反覆、推託的意思。,在這個會議中，他只是一再旋轉，並沒有給出任何具體的解決方案。
晚鳥,形容在預定活動期間之內最後的時段，通常用於提供特別優惠或服務。,在這間餐廳，晚鳥優惠提供給那些在夜間九點後才光顧的顧客，讓他們享受八折的價格。
曹氏宗親,因三國歷史人物曹操取他人妻子為妻，因此稱喜歡有夫之婦的人為曹氏宗親、曹操,他經常追求已婚女性，朋友們便笑稱他是「曹氏宗親」。
桶,在網絡論壇或社群中，指因言行不當而被管理者禁言或封禁帳戶。,你要自我檢討一下啦 名聲臭掉很難看呢被桶十年 開分身又被抓到
梗,指故事、笑話或戲劇等情節中的關鍵點、伏筆或轉折，通常是吸引注意力或引出驚喜效果的部分。在大眾文化中也指用來引發幽默或共鳴的元素。,如果直接寫上了主菜的名稱，這樣好像就立刻破梗了，感覺也不是很好。
梭哈,原指將手中的所有籌碼一次性全部押上，是一種賭博行為。引申至日常用語中，意指孤注一擲或投入全部資源，不留退路的行為。,自己要做到災害控管，要可以周轉，不是一昧的梭哈啦
殺球,指在辯論或對話中迅速且有力地反駁對方的論點，使對方無法招架或回應。,麻煩想反駁的發言前先想一下不要留這麼容易回的話給我殺球
淚崩,形容因情感過度激動而瞬間淚流滿面的狀態，表示無法控制情緒地大哭。,家暴目睹兒面臨「選媽媽等於背叛爸爸」的選擇題，常忍不住當庭淚崩。
淚推,情緒激動又真摯，聲淚俱下的推薦。,剛看完那部電影，我忍不住淚推給身邊的每一個人，真的是一部感人至深的作品。
清流,原意指清澈的溪流，後來被引申為一種純粹、獨特、不受污染的存在，通常用來形容在某個領域中與眾不同、不隨波逐流的人或事物。,綜觀整個混沌的立法院，這位議員可說是清流啊。
爽缺,指工作內容輕鬆且待遇優厚的職位，通常被視為理想和令人嚮往的工作機會。,在稽核制度不確實、升遷管道順暢的情形下，中油一直是考生眼中的肥缺和爽缺。
牽拖,做事情很愛怪東怪西，很愛找藉口的意思。,明明就是你的問題啊！不要牽拖啊！
現在放棄，OO就開始惹,反話梗，變成「現在XX(消極作為)，XX就結束了」  大學生間則以「現在放棄，寒(暑)假就開始了」反諷平日課堂的不用功導致成績不佳。,現在不告白，當朋友就開始惹
現象級,指事物因其異常的受歡迎程度或影響力而成為社會或行業中的突出或典型現象。,近兩年疫情使全球電影票房相對低迷，但仍出現「現象級」的作品。
理智線,理智，是一種人類具有的思考、判斷、推理的能力（或說智能）。 將理智此一智能比喻為一道線，即為「理智線」。常見的說法為「理智線斷裂」、「理智斷線」。此一單詞應源於日本當代流行語「キレる」。 「キレる」形容人的憤怒情感如同一條緊繃的繩索因無法抑制拉扯而斷裂，描述人將無法忍耐的憤怒情緒一口氣爆發出來的樣子。 此詞又源自於俗諺「堪忍袋の緒が切れる」，直譯即為「裝滿耐心的袋子的綁繩要斷了」在2000年左右，大量的日本現代小說譯介來台，自此此一詞彙廣在台流傳。參考來源：キレるとは一定義と概念モデルからの検討一　 https://core.ac.uk/download/pdf/35265107.pdf 教育百科：理智,當媽媽的理智線斷掉，就是小孩子大難臨頭的時候了。
理想很豐滿，現實很骨感,在想像中想得很美好，現實中，自己卻面對相當殘酷現實的意思。,他本以為創業後會輕鬆賺錢，但實際上卻每天忙得團團轉，真是理想很豐滿，現實很骨感。
異次元,指奇怪、不正常或不存在的空間。,在這座古老而神秘的森林深處，探險隊似乎發現了一個通向異次元的入口，讓人毛骨悚然卻又充滿好奇。
眼神死,形容一個人因疲憊、無奈或失去興趣等原因，眼神黯淡、無神，彷彿沒有靈魂。,在加班到凌晨三點後，他終於熬不住了，靠在椅子上，一臉「眼神死」。
眼緣,指初次見面時由於外觀或氛圍引起的自然好感或吸引力，通常用來描述對人的第一印象或對動物、物品的直觀好感。,上一隻養了八年的狗，在兩年前離世後，父親鬱鬱寡歡，為了父親，林先生遍尋有眼緣的狗，最後從高雄帶回Diamond。
祭品文,此類文章是發表文章者為了達成某些目標而發出的，並且會在文章表示如果目標達成、自己將會如何還願。,這篇祭品文真有用，昨天說只要老闆加薪我就每天早到，結果今天真的加薪了！
粗乃丸,出來玩,這個週末有空嗎？一起粗乃丸放鬆一下吧！
紳士,原意為溫文有禮、教養好品味高的典雅男子，現今則演變為男性向的色情作品,你又一個人偷偷去買紳士漫畫了，就不怕被你女友發現嗎？
脫粉,脫離粉絲組織，不再是他的粉絲的意思。,由於對偶像行為的不滿，小美決定脫粉，專注於自己的生活。
脫單,脫離單身狀態，即交到另一半,經過朋友的介紹，他終於成功脫單，找到了心儀的另一半。
蛇,跟發文者使用私人訊息通信，進一步討論了解的意思。網友習慣在討論串下方留言回覆「私」來表示「已私訊你」、「請私訊我」。久了之後，因為蛇的叫聲是「嘶」，開始有人以「蛇」來代替「私」。,在討論串裡，小明留下了他的問題，接著有人留言說「蛇」，表示他已經私訊詳細解答。
蛋雕,丟掉,這東西已經不能用了，蛋雕！
軟實力,指國家、群體或個人的特質、價值觀、意識形態等難以量化的能力。,隨著全球化的進程不斷加快，一個國家能否在國際舞臺上佔據重要位置，軟實力往往比軍事和經濟力量更加關鍵。
通膨,通貨膨脹的縮寫,通膨這麼嚴重，這個月又不用吃午餐了。
通靈,用來形容在缺乏明確資訊或指引的情況下，必須憑空猜測答案或解決問題。,施作 驗圍 備料使用技術工期違約事項 不打契約靠通靈?
郭,原本是「干我屁事」，簡寫成「干我」，唸快一點聽起來就會像「郭」,啊是郭，不會自己處理嗎？
郭P4,「關我屁事」的諧音,小明這麼晚才回家，媽媽問他去哪裡了，他不耐煩地說了一句「郭P4」。
都幾,來自於日文 docchi，意思是要選哪一個？選哪個比較好？,中午吃拉麵還是便當？都幾？
釣魚文,目的性明確的文章，以不實的證據、錯誤的推論來生成網路謠言，引導未能分辨的讀者表態支持或反對，進而相互爭執、產生糾紛。此類文章可能是基於惡作劇心態，也可能是為了塑造特定的輿論效果。,昨天張先生在論壇上發現了一篇釣魚文，文章聲稱科學家已經證實喝咖啡會讓人變矮，引得不少人熱烈討論。
陰暗爬行,（陰暗的爬行）（尖叫） （爬行）（扭動）（分裂）（陰暗地蠕動）（翻滾）（激烈地爬動）（扭曲）（痙攣）,比起陰暗爬行，我更希望讓施宥丞通我的屁眼
雀食,來源於「確實」的諧音，常用於聊天或網絡交流中，表示認同某件事或對某觀點表示肯定。這種表達方式帶有俏皮和輕鬆的語氣,這部電影真的很感人，雀食值得一看。
頂大,「頂尖大學」的簡稱。,小明的目標是考上頂大，因此他每天都非常努力地學習。
頂配,指產品、配置或功能達到最高級別或最優水平，通常在品質、性能或價格上也較高。,TB貴，可是頂配啊。
麻豆,英文「model」的諧音。,她夢想成為一名國際知名的麻豆，走在巴黎時裝週的伸展台上。
最頂,指無法超越的最高點、頂峰之意。也可以用「超頂」「很頂」取代，都是指事物達到極致，令人感到非常滿意或驚豔的意思。   ,哇，這件衣服真的超頂，穿上去完全改變氣質，大家都說超好看！
凱瑞,控制全場大局、帶領大家一起完成一件事。由英文「carry」音譯而來,在這次專案中，小明真是發揮了凱瑞的作用，帶領整個團隊按時完成了所有任務。
勞贖,「老鼠」的諧音，帶有詼諧語氣,大家看，這裡有一隻超大的勞贖屍體！
喇迪賽,喇迪賽，代表了一種輕鬆、隨意或沒有壓力的狀態，常用來形容一種懶散或不緊張的氛圍。,下班後，我們去海邊喇迪賽，享受悠閒的周末時光。
喔氣氣氣氣氣,「生氣」的搞笑表現，源自於2019年總統候選人韓國瑜的某女粉絲在接受媒體採訪時的發言,他因為被捉弄了一整天，最後只能無奈地拍拍桌子說：「喔氣氣氣氣氣！」大家都笑了起來。
單身狗,指單身的人，多用於自嘲,他們又在撒狗糧了，要我這隻我單身狗如何是好
喵星人,網路流行語，指貓咪。因貓的叫聲「喵」字音譯，常用於幽默或擬人化地描述貓。,（主辦方）提供寵物聖誕裝扮，讓喵星人也可以跟主人一起Cosplay，來個不同的耶誕節！
喵皇,用來形容被家中寵愛至極的貓咪，擁有像皇帝般的待遇和地位。,我家喵皇吃的還比我好！
報復性,形容一種迅速且激烈的逆轉，以回應先前的損失或下跌，通常在市場或經濟情境中使用。,道瓊指數報復性反彈近千點，隨後漲幅收斂
富到流油,形容一個人極其富有，擁有大量財富。,李先生是那種富到流油的人，光是他的車庫裡就有十幾輛名貴豪車。
尊嘟假嘟,「真的假的」的諧音用法,聽說隔壁班的帥哥主動找小芬聊天了！尊嘟假嘟？她的春天來了！
幾霸昏,用來形容某事物或邏輯極為荒謬或令人困惑，通常帶有調侃意味。,笑死 這邏輯幾霸昏
惡搞,以惡作劇的方式破壞事物、妨礙計畫或傷害、捉弄他人。 例句：請將車子好好停到車格裡，不要再惡搞行人的人身安全。,那位同學在班級群組裡惡搞，把老師的講課錄音修改成搞笑版本，引起了不少爭議。
掰掰,英文「bye bye」，再見。也作「88」、「881」、「8181」、「886」、「ㄅㄅ」。,下課鐘響了，小明和同學們揮手說：「掰掰，明天見！」
插旗,宣告正式加入，常用於形容企業進入新市場或擴展分店。,隨著這家國際連鎖咖啡品牌在台北的首家分店開幕，它正式在亞洲市場插旗，標誌著一個新的里程碑。
揪,台灣台語「招（tsio）」，邀請他人一同參與某事。,我們今晚要去唱歌，你要不要一起來？我揪了幾個朋友，應該會很好玩！
揪團,找人一起從事某些活動。例如烤肉、唱歌乃至報名補習班或籌組讀書會等，只要有「徵求、募集、籌組」的意思，都可以使用這個辭彙。,中秋節快到了，我們正在揪團一起去公園烤肉，誰有興趣可以加入。
普普,「普普通通」的簡稱。也作「普」。,這部電影的評價有點普普，大家都覺得劇情很一般。
暑假特產,指行為幼稚的青少年。由於暑假期間學校休假，大量學生湧入線上遊戲和社群平台，導致這些地方出現特定的行為特徵，例如吵鬧、刷屏、無厘頭發言等。,自從暑假開始，遊戲伺服器上滿是暑假特產，他們的吵鬧行為讓很多玩家感到無奈。
棉見,明天見,今天聊得很開心，棉見！
森77,「生氣氣」的諧音，詞尾用疊字表裝可愛。也作「377」、「森7」、「生七七」、「森氣氣」、「生77」。,當他發現有人在背後說他壞話時，他整個人都森77了，看起來又氣又可愛。
殘念,日文「残念（ざんねん）」，用以表示期待落空的遺憾、不甘心等情緒。,當得知演唱會的門票已經售罄時，小明只能無奈地說：「唉，真是殘念。」
渣,貶義詞，指某人行為不端，常用來形容感情不專一的人。,小美發現對方同時和好幾個人約會，忍不住感嘆：「真是個渣男！」
港覺,「感覺」的諧音，指一種特定的感受或印象，通常帶有幽默或戲謔的色彩。,不得不說這菜脯蛋切的也太工整了，有點像蛋糕的港覺XD
無言,因無法用語言表達感受或難以置信而不知該說什麼。,我實在無言 好險唱快歌很快下台
無言薯條,就是「無言」、「無話可說」、「無言以對」的意思。「無言薯條」來源已經不可考，據傳是來自一則古老的冷笑話。,當他不小心把咖啡灑滿整張報告紙時，我只能無言薯條地看著他。
無痕,不留下痕跡或記錄。可作為網頁瀏覽器「無痕模式」的簡稱。,使用無痕模式瀏覽網頁，可以確保你的瀏覽歷史不會被保存。
無痛,指在不感受到任何負擔或困難的情況下完成某件事。,人家可以無痛轉LCS賺美金 菜又如何
無敵星星,用以形容COVID-19確診者在痊癒後，擁有一段不會再次感染的免疫時間。不過由於病毒不斷產生新變種，醫學界似乎並未證實「無敵星星」的存在。,確診後的阿明自信地笑著說：「我現在可是有無敵星星，暫時不用再擔心感染了！」不過，他仍小心謹慎地戴著口罩。
無課,指遊玩免費遊戲，並且沒在遊戲中花費金錢的玩家 ( 可以說是F2P ),作為一個無課玩家，小明非常謹慎地管理遊戲中的資源，以便能追上那些花錢的玩家。
無縫,泛指過程或過渡自然、順暢，無任何間斷或障礙。,場外無縫回傳票數 場內深度分析選情
猴,形容行為十分幼稚或沒水準,你朋友真的很猴，不只隨地亂丟煙蒂，還會偷車呢
登出,登出人生，登出遊戲或是準備就寢時也可使用登出晚安,今天真的是被老闆氣到想直接登出人生，連假快來救我！
登板,指在某個場合上獲得展示能力或表現機會，通常用於運動或演藝等需要表現的場合。,兩個弟弟都表現不錯欸 有把握登板機會
發文,指在社群平臺發布貼文或文章。也作「PO文」。,小明習慣每天早上發文，分享他的早餐日記給好友們。
盜圖,指將他人的圖片挪為己用,盜圖仔別盜圖
硬,「硬核」的簡稱。形容某事物的操作或學習難度比一般事物還高，或者形容該事物表達的情緒更加強烈。,昨天的黑客松比賽題目真的是太硬了，我們整個團隊熬了一夜才完成一個作品。
硬核,譯自英語“hardcore”，原指一種力量感強，節奏激烈的說唱音樂風格，後來引申指面向核心受眾，有一定難度或欣賞門檻的事物。,這部電影的情節複雜且涉及大量哲學討論，屬於硬核科幻，可能不適合所有觀眾。
硬控,使人動彈不得,老闆硬控專案進度，不管團隊的意見，結果搞得大家加班到爆。
紫爆,量測的數值到達某項指數最高或次高的程度，其代表顏色為紫色。通常用於說明空氣品質、車流量或社群平台的看板人氣。,「今天上午，市區的空氣品質達到紫爆，相關單位建議民眾減少外出並佩戴口罩。」
給推,對網友發布的貼文或文章表示認同，會在下方回文「給推」，也簡稱「推」。有時也會在「給推」前面加認可的理由。,「這篇關於環保的文章寫得太好了，我完全同意作者的觀點，給推！」
舒適圈,指個人在熟悉、不具挑戰性或風險的小環境中，通常帶來安全感和穩定性，但可能限制成長和發展的潛力。,她2年前跳脫舒適圈做電商，加上有2個小孩，很多觀眾好奇她如何兼顧家庭和職場，紛紛拱她出書
菜逼八,指一個新手或不熟練某事的人，常在遊戲或某項活動中被使用，形容技巧不佳但卻顯得正常。,菜逼八這樣滿正常的
萌,日文「萌え（もえ）」，使人萌發憐愛之情，現與「可愛」逐漸混同。,看到那只小貓躺在草地上曬太陽，實在太萌了，讓人忍不住想要抱抱牠。
蛤,表示驚訝、不解或需要重複確認，有時用來強調疑問或不滿的語氣。,1. 什麼城市市容這麼差，竟然會滿地的紙屑，難道都沒有清潔人員嗎？有卦嗎？蛤？2. 從佛心部門轉到這種部門，自己調適蛤
買尬,英文「my god」音譯，用於感嘆句句首。,買尬，我居然忘了今天是最後提交報告的期限！
貼貼,由日文「てぇてぇ」音譯而來，形容兩人之間關係和互動十分親密，可以指愛情、親情、友情等（多指愛情）。,她們兩個實在太貼貼了，走在一起感覺整個空氣都被甜蜜填滿了。
貼臉開大,遊戲中指玩家將角色貼近對手臉部直接釋放強力技能。生活中指集中對方的弱點採取極為直接的言行使人難堪。,當主管在會議上直接點名小明的錯誤，還細數了他過去的失誤，簡直是貼臉開大，讓小明當場無地自容。
超取,「超商取貨」的簡稱。網路購物後，可選擇將購買的貨品寄至便利超商領取。,我在網路上買了幾本書，選擇超取，這樣可以在下班後順路去便利商店領取。
超新星,指實力高超、迅速崛起的新人。,在今年的音樂節上，這位原本名不見經傳的歌手以其獨特的嗓音和創新的曲風迅速走紅，被譽為樂壇的「超新星」。
超濃起司,"原指網路論壇中，對涉及""擬人動物""性癖喜好之視覺影像的調侃。現多與""不獸控制""同為獸迷、獸控愛好者自嘲，彰顯所愛的非貶抑用語。",你看這隻彩虹小馬，超濃起司，超讚!
超譯,以翻譯者自己對於原文的理解來翻譯、解說原文，而非以解釋原作者語意為目標。,在這本小說的英文版中，翻譯者選擇了超譯的方式，讓角色的對話更符合現代讀者的口味，甚至加入了不少原作中沒有的幽默元素。
跑酷,法語「Parkour」，一種極限運動，無既定規則，以一般日常生活環境為主。,每個週末，小明都會和他的朋友們在城市的各個角落練習跑酷，挑戰高樓和各種障礙。
鄉民,網路使用者，經常特指使用PTT的人。,「鄉民們在PTT上熱烈討論最新的熱門話題，意見五花八門。」
量子糾纏,採取同步或模仿行為產生影響現象。,在群體舞蹈中，舞者們似乎進入了一種量子糾纏狀態，他們的動作同步到令人驚嘆，無需任何言語指引即可隨著音樂完美切換隊形。
開大絕,原指在遊戲中使用最強技能或能力，現引申為在面臨困境或危機時，採取最後或最強的手段來化解問題。,發現打不贏 自己站不住腳趕快開大絕刪文
開台,指網絡主播在網絡平台上開始直播節目或活動。,開台檢討鄉民啊 就這麼簡單
開車,隱晦地談論性話題或暗示。,我懷疑這邊在開車，但我沒有證據。
開趴,「趴」源自英文「party」。指舉辦派對。,週末我們打算在我家開趴，慶祝大家考試結束。
開酸,尖酸刻薄的評價他人。,在討論會上，他話題一轉，開始對對手的提案開酸，毫不留情地指出其中的漏洞。
開箱,拆開箱子或包裝，並介紹裡面的產品。,小明迫不及待地在網路上直播開箱，向觀眾展示他剛剛買到的限量版遊戲機。
集氣文,此類型的文章出現在負面新聞事件或出現受難者時，以號召網友「集氣」並祈求受害者的傷痛可以盡速痊癒。,小明因意外住進了加護病房，他的家人寫了一篇集氣文，呼籲網友一起為小明祈福，希望他早日康復。
雲玩家,指通過觀看遊戲影片、直播等方式而不親自參與遊戲的玩家，通常對遊戲有興趣但因各種原因不玩遊戲的人。,我是看劇情沒玩的雲玩家啦
黑,攻擊、謾罵。,他在網上經常黑那些他不喜歡的名人，發表各種攻擊的評論。
黑人問號,指因困惑或難以理解某事而做出的面帶疑問的表情，源自流行的網絡表情包。,現在喊到150還有人嫌太便宜要拉到300我也是黑人問號
黑五,「黑色星期五」的簡稱。商業宣傳為了吸引消費者而創造的打折活動。源自於美國習俗，每年的感恩節後的下一個星期五皆為黑色星期五。,每年「黑五」期間，各大品牌都會推出誘人的折扣活動，吸引大量消費者搶購。
黑水溝,指台灣海峽 因為洋流和特殊的地理環境 導致從中國來的船隻容易落難 所以漢人移民稱之為黑水溝,中共軍機又越過黑水溝中線了，喔氣氣氣氣氣
黑特,指表達強烈不滿或批評，通常帶有戲謔或諷刺意味。,吃完覺得喵的咧這比罐罐還難吃（黑特點在這喔）
黑粉,指專門批評或貶低某位名人、作品或品牌的人，即使他們可能表面上看似支持者，但實際上持有負面態度。,黑粉繼續罵，人家市佔還是穩啦哈哈哈哈哈
黑歷史,指讓人十分尷尬害羞，不想面對的過去。,每次朋友提起我高中時期那段非主流打扮的黑歷史，我都忍不住感到一陣尷尬。
傻眼貓咪,「傻眼」的意思。,他在衝三小阿，傻眼貓咪！
傻逼,傻逼是一種粗俗的口語化侮辱詞，通常用來形容一個人愚蠢、缺乏常識或令人不滿的行為。,我又忘了帶鑰匙出門，真是個傻逼。
傻爆屁眼,傻眼的誇張說法，意指非常無奈,中午想吃的店沒開，我真的傻爆屁眼
塊陶阿,意思是「快逃啊」。起源自網友在打線上遊戲時情急打出的錯別字。,敵人來了，咱們扛不住了，塊陶阿！
塑膠,無視、忽略人,你又用這種講話的態度，是當我塑膠喔。
塞奶,泛指利用各種手段或策略，從長輩或權威人士那裡獲得額外的資源或福利，有時帶有討好的意味。,我還有一個同學，表現好時沒什麼獎勵，弟弟才有，但他弟弟都會跟長輩塞奶幫姐姐也討
奧客,指惡劣、行為不檢的客人。具貶抑。,那天在餐廳裡，一位奧客不僅對服務生大聲嚷嚷，還拒絕支付已點的餐點費用。
媽，我在這,類似媽！我上電視了，常被用於可能或已經登上新聞的文章的回覆內容。,今天公司的活動照片上了社群平台，看到自己了，媽，我在這！
媽寶,指成年後仍過度依賴母親、不獨立自主的男性，通常在生活或決策上時常需要母親介入。,李先生總是把所有的決定交給母親，朋友們嘲笑他是個典型的媽寶。
幹話,讓人不明所以的話。通常是指一些不切實際的建議、過時的論點，對聽的人不但沒有幫助，還令人十分惱火。,他建議用冷水洗車來防止車子被偷，簡直就是幹話。
幹譙,粗俗地責罵或用惡劣語言攻擊他人，帶有強烈的情緒發洩。,他因為工作壓力太大，忍不住在開會時幹譙了不合作的同事。
微解封,非正式全面解除禁令或政策等。,自從政府實施微解封政策後，許多商家開始逐步恢復營業，市區的活力也因此慢慢回來了。
愛豆,「idol」的音譯。偶像。,每當我看到愛豆在舞臺上表演時，總是感到熱血沸騰，彷彿被他們的魅力深深吸引。
愛媽,指具有愛心並積極參與動物救援或照顧的女性，通常會自發性地救助和照顧流浪動物，如貓狗等。,有愛媽日前在新豐鄉濱海地區的防風林看到貓、狗遺體，懷疑慘遭毒手
搶頭香,搶到第一個推文或留言位置，源自於拜廟的頭香習俗,每次新影片一發布，他總是想盡辦法搶頭香，立刻在留言區留下自己的印記。
新警察,新警察是ptt的流行語，其意思是用來比喻新來的，搞不清楚狀況的人，用法有點類似「菜鳥」，菜逼八等，尤其是常常用來指新手ptt用戶，不了解ptt鄉民文化和梗的人.,這位新警察剛上PTT，就急著發言，結果被鄉民糾正好幾次。
暈,1.表示無奈、無言以對的意思。 2. 在感情上先動了真感情、喜歡上對方的意思，可參見暈船。,1. 聽到你如此離譜的行徑，我真的暈了。2. 你看她那雙粗大腿，我真的好暈
暈船,陷於濃烈的愛戀情緒中，無法理智判斷對方的態度，也無法克制自己的舉止，容易做出讓對方困擾的行為。簡稱為【暈】。,每次跟他聊天我就暈船了，總是忍不住胡思亂想，希望他會秒回我的訊息。
暖心,即溫暖、貼心。,在寒冷的冬天，朋友送來一杯熱可可，讓人感到無比暖心。
暖男,指體貼能給人溫暖感覺的男生。,每當我心情低落時，志明總會陪在我身邊，耐心傾聽並開導我，真是一個典型的暖男。
業力引爆,指由業力積累所引發的結果突然顯現或加劇，通常用於描述不良行為最終造成的報應或後果。,你今日對我做的所做所為以後一定會業力引爆
業配,與廠商合作推銷或置入產品，為一種行銷方式。也作「ya配」。,小明在他的影片中悄悄地進行了業配，推薦了一款全新的智能音箱，觀眾們甚至沒發現這是與廠商合作的行銷方式。
業配文,與廠商合作推銷或置入產品，為一種行銷方式。其文章、貼文或影片可稱為「業配文」。也作「業配」、「ya配」、「葉配」、「業」、「葉」、「ya pay」、「葉佩雯」。,小明昨天在他的社交媒體上發了一篇關於他最愛的護膚霜的文章，細心的粉絲立刻就看出這是一篇業配文。
溫拿,Winner 的英文諧音。人生勝利組，指那些過著讓別人會羨慕的生活的人群。,小明才30歲就已經買了三套房，真是一個典型的溫拿。
滅火,1.降低購買欲望。 2.指相關人士出面解釋、平息爭議事件。,在新的手機型號公佈後，價格過高的評價讓公司的市場部門急需滅火，以降低潛在客戶的購買欲望。
滑,手指在手機等電子產品上觸控螢幕的操作行為。,我早上醒來的第一件事就是滑手機，快速瀏覽一下今天的新聞和社交媒體更新。
煉銅,即「戀童」之諧音，指對兒童有特殊的性癖好。,你這些煉銅的言論相當危險，快刪除吧
煙霧彈,用來遮蔽真相的替代品。,在公眾質疑公司的財務狀況時，管理層卻拋出一個新的合作項目作為煙霧彈，試圖轉移大家的注意力。
瑟瑟,色色的諧音字，亦或稱澀澀，指略為色情的人事物,好想瑟瑟，誰可以約我
綁卡,指將個人的銀行或信用卡資訊綁定到特定的支付平台或線上服務，以便於進行交易或付款。,1個月來進行綁卡作業，僅51萬人完成
綁定,指將兩個或多個事物聯繫在一起，使其產生關聯或固定連接的過程。在技術環境中，通常涉及將某一數據或功能與特定的設備、帳戶或應用程序進行連結。,旅客可持手機至車站旅客詢問處，站務人員將協助列印QR Code，方便掃描綁定。
綁架,引申為離不開某事物，上癮的意思。,這款手機遊戲太好玩了，我每天下班回家都被它「綁架」，根本停不下來。
綁樁腳,指在政治或選舉活動中，為鞏固支持者基礎而提供利益交換或特定好處給某些人，藉此穩固票源。也可以泛指任何形式的利益綁定行為，以確保對方支持。,選前送禮綁樁腳的手段真的太明顯了
群通,「群組通話功能」的簡稱。通訊科技發達、疫情隔離在家，人們越來越常用到這個功能，所以發展出了簡稱。,由於假期無法出門聚會，我們用群通舉行了一場線上派對。
聖母,形容沒有原則和底線的包容他人的過錯，看似很高尚，實則不可理喻的人。,小美總是勸大家對小李的壞脾氣多包容，讓人覺得她真是個聖母，根本不考慮問題的根本。
聖誕節,剩單節,一年一度的聖誕節又來了，又只剩我這矮醜窮的肥宅要單人度過了。 ：（
腦公,「老公」的諧音。,每次出門逛街，腦公總是貼心地幫我拿包包。
腦波弱,指想法容易受他人影響。,小明在選專業的時候由於腦波弱，只因朋友們大多選工程類，他就跟著放棄了自己喜歡的藝術。
腦洞,「腦袋破洞」的縮稱，引申為想像力過於豐富。,她的腦洞真大，竟然想出要在月球上開一間咖啡館的點子。
腦粉,對某人或事物極度崇拜且盲目支持的粉絲，常失去理智地捍衛偶像觀點。,天兵講話全是吳樂天的氣口，原來是吳的腦粉。
腦補,腦內補充，指沒有確切證據的聯想或瞎猜。,他只是遲到了十分鐘，你就腦補出他是不是出了什麼意外，這未免有點太誇張了吧。
腹黑,指某人看似溫和善良，其實心機深沉。,小明平時總是一副和藹可親的樣子，但大家都知道，他其實是個腹黑，總能在不動聲色間取得自己想要的結果。
補血,指提升活力或能量，通常是透過創新的方式來增加趣味性或吸引力。,新梗有創意 幫補血
解鎖,1.解除封鎖與限制。 2.指首次經歷或完成某件值得紀念的事。,1. 解除封鎖與限制：經過了一番努力，他終於解鎖了那個被密碼保護的文件夾。2. 首次經歷或完成某件值得紀念的事：她在生日當天解鎖了人生第一次獨自旅行的成就。
試水溫,做某事之前，先透露訊息或做出部分動作，以觀察大眾的反應或評估可能的結果。,在宣布全面改革之前，管理層決定先試水溫，釋放一些小範圍內的政策調整，以了解員工和市場的反應。
試營運,指在一個新項目、活動或設施正式啟用前，進行的有限制測試或運作，以檢驗其功能、流程及市場反應，確保正式運行的順利。,試營運期間也將有工程規畫單位及縣府人員進駐，歡迎提供體驗意見
話術,指運用巧妙的言辭技巧或華麗的語言包裝來影響他人觀點或行為的策略，常用於推銷或說服。,垃圾速食漢堡夾片生菜，廣告就會寫本產品含維生素ABCDEFG礦物質，話術人營養豐富、多吃一點
跟風,追隨某種風潮。,很多人在看到名人使用某款產品後，紛紛跟風購買，希望也能得到同樣的效果。
跪著用電腦,當網路上出現某些令人尊敬的網友時，便會以「跪在電腦前」來表達對對方的尊敬,這位大佬的程式碼實在是太優秀了，我只能跪著用電腦抄一遍。
路隊長,指在公路上不按規定使用車道，長時間占用快車道或超車道行駛卻不超車的駕駛者，通常影響交通流暢和其他車輛超車。,高速公路明明每隔幾公里就會有告示牌寫著“內側車道為超車道”，但內側還是一堆路隊長
農,指重複進行某種工作或活動以獲取資源、經驗或獎勵，常用於遊戲中形容玩家進行大量的任務以積累成果。,有些遊戲讓你農起來比較有里程感 有些就是靠掉寶率 然後永遠都不知道盡頭在哪
農場文,一種標題聳動、內容不實或容易誤導的網路文章。,這篇農場文雖然聲稱能一週快速減肥十公斤，但內容根本沒有科學依據。
違和,破綻，在和諧整體中出現的小瑕疵。,當她穿著正式晚禮服卻搭配一雙運動鞋時，整體裝扮給人一種違和的感覺。
酪梨,「蘿莉」的諧音,他常在遊戲裡遇到假裝萌萌酪梨的玩家。
雷,1. 用以形容某人不值得信賴或某事物的品質不佳。 2. 指文章、影音中含有劇透內容。,1. 我剛買的這部手機品質真雷，用了不到一個月就開始出問題了。2. 他發給我的影片裡有不少雷，我還沒看過電影就被劇透得一清二楚。
雷包,表現很糟糕的隊友或朋友。 從很雷、地雷發展而來。,昨天玩遊戲時，小明一直掉鏈子，大家都說他是個雷包。
電支,「電子支付」的簡稱。一種非現金、實體信用卡交易的支付方式。有獨立的電子支付帳戶，可以用來交易或轉帳。買方以信用卡綁定、帳戶轉帳等方式將款項經由電子支付機構為中介代為收取，再由機構交予賣方。,最近我在咖啡店點飲料時，發現大部分人都用電支來付款，速度又快又方便。
電波,在流行文化中，指個體之間的默契或合拍程度，特別是在性格、興趣或感知等方面的相似性或契合度。,1.什麼是電波不合？就是有的女生一定要男生個性怎樣不然不在一起的，條件在好也不在一起2.賽車遊戲是不是跟格鬥遊戲一樣 很吃電波呢?
電神,「電」用以形容某人在某領域(通常為學業)特別突出，碾壓眾人，而電神更是用以形容群雄之首,超級大電神不要再電我了啦
電銷,指透過電話進行產品或服務銷售的方式，通常由專職人員致電潛在客戶，介紹產品細節及促成交易。,去年雙11打來電銷問我要不要升級5G，合約算是原約升級，到期日不變
電聯,指通過電話進行聯繫或聯絡。,記者又電聯她，希望能再度為她專訪
電爆,1.狠狠地教訓一頓。 2.在競賽中獲得壓倒性勝利。,1. 小明一直偷吃餅乾，被媽媽抓到後，被電爆了一頓，再也不敢了。2. 在昨晚的籃球比賽中，我們隊以102比65電爆了對手，贏得了壓倒性勝利。
電競,「電子競技」的簡稱。指使用電子遊戲的比賽。,小明夢想成為一名職業選手，所以他每天花好幾個小時訓練自己的電競技巧。
鼠勾以,日文「すごい」，有「好厲害啊」的意思。,他竟然用五分鐘就解出了那道難題，鼠勾以捏！
鼠巴拉系,日文「素晴らしい」的中文發音。有絕佳的、極好的、美極了、優秀的、美好的...等等意思。,這次旅遊的景色真是鼠巴拉系，讓我大開眼界。
嘉玲,「加零」的諧音。指當天未增加COVID-19本土病例。,今天的疫情報告顯示，全國再次「嘉玲」，讓大家都鬆了一口氣。
嘎起,形容那些對虛擬偶像動愛慕之情的觀眾,不會吧，你居然是初音的嘎起喔
嘎逼,咖啡的諧音。,你看起來好累，要不要來杯嘎逼
嘔嘔嘔嘔嘔,表示噁心的生動用法，嘔心到想吐的感覺。 一般加在句末，表示罵完人還是覺得噁心到反胃。,他明明有女友還到處撩妹，真的渣到不行，嘔嘔嘔嘔嘔！
圖資,1.圖書資訊。 2.地圖資訊。,1. 我正在學校的圖書館查找歷史項目的圖資，以便更好地了解當時的社會背景。2. 為了準確導航，我們在手持設備上下載了最新的圖資，確保路線規劃沒有錯誤。
圖戰,使用圖片來跟人吵架、戰鬥。相較於傳統的使用打字的方式來吵架，使用圖戰通常氣勢更強、效果更好。,不爽就來圖戰啊！
團購,指多人集體購買某商品或服務，以獲得較大折扣或優惠的購物方式。,團購是在這裡寫資料嗎
實況主,參見【直播主】。,實況主每天晚上在網絡平台上為觀眾直播遊戲，比賽的時候更是吸引了上千名粉絲觀看。
實穿,指服裝設計注重實用性和舒適性，適合日常穿著並滿足功能需求。,期許「好穿、實穿、耐穿」的制服，能增進同仁工作效能
實測,指實際進行測試或試驗，以驗證某事物的真實情況或效果。,樓上正確，我實測不能改悠遊卡
慣老闆,指那些只顧自己利益，漠視員工權益的無良心老闆。這些老闆經常只把公司賺來的錢用在自己的奢侈品和享樂上，而忽略了員工的福利、工作環境和薪酬待遇。,這個慣老闆經常動用公司資金打造自己豪華辦公室，從不改善員工的工作環境。
截圖,將螢幕中的畫面完整保留或部分保留。也作「擷圖」。,小李為了記錄重要信息，迅速對顯示的報告頁面進行了截圖。
撂,1.台灣台語「落（làu）」，炫耀自己的語言能力。 2.台灣台語「落（làu）」，聚集眾人前來協助、鬧事。,1. 他今天在聚會上撂了一段流利的法語，大家都對他的語言能力讚嘆不已。2. 聽說他和鄰居起了紛爭，已經撂了一群朋友過去聲援他了。
敲碗,期待並催促某結果實現。,小明迫不及待想看到新出的電影，天天在網上敲碗，希望能提前上映。
敲擊,「超級」的諧音，帶有詼諧語氣,這個真的敲擊厲害的！
旗艦,具有指標意義的單位，表示其品質性能更好，或能提供更齊全的服務與商品。常見詞如「旗艦機」、「旗艦店」。,這家品牌在市中心新開了一間旗艦店，提供最全面的商品和最先進的服務，吸引了許多顧客前來體驗。
歌回,唱歌直播，多見於虛擬直播主的直播,佩克拉的歌回要開始了，等等再聊
漂移,指一種失去控制或故意操控車輛以側滑的方式行駛，通常用於形容車輛在快速轉彎或道路附著力不足時的動作。,看留言有人說是被頂到漂移出去煞車然候放開煞車
熊頭,形容有戀童傾向的人,這個熊頭怎麼還沒被抓去關
福利品,指企業或機構以改善員工或客戶福利為目的，通常以折扣或免費方式提供的產品，可能是試用品、滯銷品、瑕疵品等。,福利品特賣會38折起
種草 / 被推坑,「種草」用法源自於中國，表示看了別人的介紹因此也想一試，也就是「被推坑」的意思，而另有相反意思的「拔草」一詞，也就是被滅火的意思。,原本沒打算追這部劇，結果同事一直推，成功被推坑，現在每天追劇到半夜。
窩,用於非正式網路交流中，「我」的諧音語氣，以表達自稱。,窩好緊張喔
綠茶婊,形容那些表面看起來清純無害、溫柔善良，但實際上擅長心機操作、裝無辜以達到個人目的的女性。這個詞帶有貶義，源自「綠茶」的清新形象與其背後的反差形成對比。,明明和朋友表面裝得很好，卻背地裡挑撥是非，她真是一個典型的綠茶婊。
維安,維護安全，通常指保障公共場所或活動的安全秩序，防止任何威脅或危險情況的措施和行動。,安全組由保安警察擔任，負責維安、隔離
維管,指代維護和管理，通常用於描述對某項事物的後續管理和持續支持工作。,整個產業界負責種的比較多、後續維管卻很少
綱門,生物學上的分類階層,界門綱門科屬種，所以科比綱門大
網民,指通過網際網路參與交流和互動的使用者，常在網上分享觀點和情感。,一隻公袋鼠站在死去的妻兒身旁，用手撫摸屍體，面露哀戚的表情。這一幕讓許多網民感到難過不已。
網拍,指通過互聯網進行的商品拍賣和購物活動。,網拍一堆十幾元的
網紅,「網路紅人」的簡稱。,小美因為她的創意烹飪影片在網路上迅速走紅，成為了一位知名的網紅。
網美,「網路美女」的簡稱。外表亮麗且在社群平台擁有一定的粉絲，後常為了拍攝照片，不顧常理與規定，漸有貶義。,小玲為了成為網美，不惜在禁止拍照的藝術館內擺出各種華麗姿勢，只為了在社群平台上增加粉絲數。
網釣,指透過電子郵件、虛假網站或通訊軟體偽裝成可信任來源，以騙取用戶個人信息或侵入系統的網絡詐騙行為。,該IP在1週內傳送多達1TB的惡意程式、網釣郵件、勒索軟體，以及分散式阻斷服務攻擊等。
網銀,指網路銀行服務，透過互聯網提供的銀行業務平台，用戶可以進行諸如轉賬、查詢餘額、支付帳單等金融操作。,目前有用到的所有行動支付、nfc、網銀等通通都能繞過偵測
網購,透過互聯網平台進行商品或服務的購買行為。,抽驗對象包含網購食品製造業、年菜宴席餐飲業者、販售年節食品業者
腿,網路用語，指延遲或落後於某事件或趨勢，通常用來批評或調侃某人對時事或討論話題反應緩慢。,這半年前就討論過了 醫療資源被排擠的問題，你也腿了太久了吧
舔共,為了利益而討好、諂媚中國。例如為了在中國賺錢，而說自己是中國人的台灣人。「共」是共產黨的意思。,他在訪問中公開舔共，聲稱自己從小認同中國文化，只為了進軍中國市場賺取更多利益。
舔狗,形容在戀愛或人際關係中，對他人過度討好、卑微付出，甚至不惜自尊的人。,兄弟，別再當舔狗了，她連你點的外送都懶得下樓拿。
蓋牌,指故意隱瞞資訊或不公開特定數據，以控制輿論或穩定支持群眾的某種策略。,「蓋牌」和大規模造勢雖穩住了支持者心理，但並未打敗民調。
裸機,未裝入保護殼或保護膜的電子設備，通常指手機等設備，直接觸摸其原始材質。,裸機手感：個人非常喜歡塑膠背板，但是有手汗的情況下邊框會很滑
豪,用於表達感激、讚美或對某事物的高度欣賞，通常表示有勇無懼的態度。,豪，感恩讚嘆，我試試看
豪洨,台語，鬼扯、胡說八道、唬爛的意思。,我聽你在豪洨啦！
趕羚羊,為閩南語中髒話「幹你娘」的諧音，為求以較不粗魯的方式表達此髒話而產生。,當他發現電腦死機時，忍不住大喊了一聲「趕羚羊」。
遜炮,形容平常自信、帥氣，但遇到狀況時就手足無措，甚至哭起來,還以為她是冷硬派，相處久了才發現其實是遜炮一個
酷碰券,英文「Coupon」。即優待券、折價券、折扣券或商品抵用券等。,小明在超市購物時使用了一張酷碰券，省下了不少錢。
酸民,指網路上發表尖酸刻薄言論的網友。也作「酸酸」、「酸」、「酸梅」。多含有貶義。,在這次網路直播活動中，有不少酸民湧入評論區發表各種尖酸刻薄的言論，讓主持人感到相當困擾。
酸酸,參見【酸民】。,自從他成為了一名小有名氣的網紅，日常生活中總會遇到一些酸酸在評論區挑剔他的作品。
銅鋰鋅,指「同理心」,裝修時間都有說了，鄰居擔心安全問題也找專業技師確認背書，無解的噪音問題，鄰居怎麼就沒有銅鋰鋅一下蛤
領便當,角色在劇情中因死亡或失蹤而下場。,唉，我支持的那個角色，才出場幾集就領便當了，編劇也太狠了吧！
儀式感,執行某些動作、建立固定的程序，以幫助自己專注、靜心，或讓自己對特定時刻心有期待。,每個早晨，她都會先泡一杯香醇的咖啡，再打開一本書，這是她開始一天生活的儀式感，讓她感到平和與專注。
劇透,透露劇情，使還未觀賞完整部作品的人預先知道伏筆或結局。一般而言，無預警的劇透被視為不禮貌的行為。,小明在朋友圈裡毫不避諱地劇透了電影的結局，讓大家對他的行為感到非常不滿。
厲害了我的國,用來嘲笑、揶揄、暗諷中共政權的一詞。,網路上剛討論的熱搜話題瞬間消失，厲害了我的國！
噓,使別人安靜，也帶有批評及不支持意味。,演講中，當他提到那句有爭議的話時，觀眾席上開始傳來低沉的「噓」聲，顯示出不滿和反對。
嘴,指在言語上調侃、批評或指出他人的問題。,雖然上次沒嘴過他，但是我現在還是很難相信…
嘴砲,1.沒有目的的閒聊。 2.指某人光說不練，或者話講得很好聽，實際上卻內容空泛毫無建設性。,1. 下班後，我們幾個同事在咖啡廳喝著茶，進行著無傷大雅的嘴砲，好不熱鬧。2. 小明總是嘴砲說要減肥，結果每次聚會都吃得最多。
嘸,表示沒有、找不到或未能成功取得。,今年迄今仍遲遲找嘸人贊助接手，讓他更感吃力。
嘻嘻 / 不嘻嘻,「嘻嘻」通常用來表示輕鬆愉快的心情，帶有一點調皮和俏皮的感覺。而「不嘻嘻」則用來表達不高興、嚴肅或無聊的情緒，是「嘻嘻」的對立詞。,一開始還以為今天能早下班，結果老闆又丟了一堆工作給我，前半段嘻嘻，後半段不嘻嘻。
廠廠,參見【呵呵】。,看到你又忘帶傘，真是廠廠，不過沒關係，我這裡有一把。
德骨,「德國骨科」的簡稱，傳聞有人因與親妹妹相愛被父親發現而被打斷腿，最終遠赴德國骨科治療腿傷才得以痊癒。後因此以德國骨科比喻兄妹戀。,我最喜歡德骨劇情了。
慶記,子彈的台語。源自於網友常常用慶記諷刺台中治安不好。,我看你在台中還這樣鬼切是想吃慶記
憤青,「憤怒青年」的簡稱，多指年齡約二、三十歲，衝動易怒、憤世嫉俗的青年。,每次討論到社會不公的話題，小李總是忍不住暴躁起來，朋友們都戲稱他為標準的「憤青」。
撒狗糧,在單身的人面前秀恩愛,他們又在撒狗糧了，真受不了
撒花,開心到撒花的意思。通常用在說話者想慶祝、發生了令人開心的事情，如「完結撒花」,經過幾個月的準備，終於考上理想學校，簡直讓我忍不住要撒花！
撞,指在某些方面具有高度相似性，常用於形容外貌、風格或特質上的相似，特別是在沒有刻意模仿的情況下。,代表約旦女子跆拳道比賽，竟與百變天后女神卡卡（Lady GaGa）撞臉宛如失散姊妹。
暴走,指失去控制地激烈行動或反應，通常涉及情緒失控或無法自我控制的狀態，常用於形容某人或某物突然變得難以控制的情況。,主角被逼得要駕駛EVA初號機，又打不贏結果初號機暴走，讓主角留下陰影
樓主,社群軟體或網路論壇中，第一個發文開啟話題的人。也作【原PO】。,樓主分享了一張絕美的風景照，瞬間吸引了眾多網友前來留言讚美。
標配,指某事物在特定情境中被普遍認為是必須具備的標準配置或設備。,球棒現在是行車標配
歐巴,韓語「오빠」。臺灣多用以指稱帥氣的青壯年男性。也作「歐爸」。,當玲玲看到那位新來的同事時，忍不住小聲驚呼：「哇，那位歐巴真的好帥啊！」
歐北共,閩南語「黑白講」的讀音，指「亂講話」的意思,一上台就在那邊歐北共，早知道不選他的
歐印,源自股票交易術語，指特定歐洲和印度股市或股票的行情狀況。例句中的「歐印長榮」可能指涉某個在歐洲和印度市場上交易的具體股票或金融產品。,你那邊歐印長榮還來得及，記得225出場
歐虧,指在隨機性事情中進行選擇時，期望獲得好運卻最終得到不利結果的情況，尤其常見於遊戲或抽獎活動中。,這樣歐虧嗎
潮,指符合流行時尚，受多數年輕人喜愛的裝扮或行為。,小明今天穿了一身特別「潮」的衣服，走在街上吸引了不少目光。
澎湃,台灣台語「豐沛（phong-phài）」，種類豐富、數量繁多。,這次聚會的餐點真是澎湃，桌上擺滿了各式各樣的美食，讓人眼花繚亂。
熟肉,指經過翻譯、添加字幕或處理後的日文內容，已轉化為觀眾熟悉的語言（如中文或英文），一般人皆能閱讀或觀賞。,這部劇已經有熟肉了，可以直接看翻譯版
熱～,指該區域或時段發生某事的機率更高，常用詞如「熱區」、「熱時」。,今天天氣報告說下午三點是下雨的熱時，我們出門時還是帶上雨傘吧。
熱搜,指在網絡或社交媒體平台上，因為受到廣泛關注而進入搜索排行榜前列的話題或關鍵詞。,並因捷運環狀線通車，沿線物件備受關注，讓雲端熱搜前5名，全落在新北市
盤一下,盤整一下目前狀況、整理一下、想一下的意思。,我們先盤一下最近的客戶反饋，然後再決定下一步怎麼做。
盤子,容易被欺騙或占便宜的人,這麼貴的價格你也買，根本就是盤子啊！
瞎,指某人或某事十分誇張、離譜且毫無道理，也作【蝦】。,昨天那場比賽的裁判判罰真是瞎，明明犯規的人都已經承認了，他卻還堅持自己的錯誤判斷。
瞎款,台語常見的問候語，意思是「怎樣？」、「覺得如何？」,這咖啡廳的裝潢不錯齁，瞎款？
碼,打馬賽克。,我把照片中的敏感信息都碼掉了，以保護隱私。
線蟲,線蟲即現充（現實充）諧音，多半用來形容有男女朋友者，交際廣泛，財力雄厚現實過得充實的人.,他周末的行程滿檔，朋友間戲稱他是個標準的線蟲，生活充實得令人羨慕。
蔡逼八,指的是不熟悉情況或未做好準備而隨意提問的人，通常帶有輕蔑或批評意味。,問題太大等於沒問啦，蔡逼八，一看就沒做功課
蝦米碗糕,閩南俗語，意指「什麼東西」或「這是什麼」。常用於表示疑惑或不理解某事物的意思。例句中表示對量詞「oz」的疑問或不解。,我每次去摩斯都故意問店員oz是蝦米碗糕
衝康,指陷害行為。,這次專案因為小王的失誤，整個團隊被衝康，導致進度延誤。
衝塔,意思為某些人想強行知道中之人(vtuber背後的扮演者)的樣子,在討論中，大家批評小明因為好奇心而去衝塔，試圖挖掘那位vtuber的真實身份。
課金,指用金錢儲值遊戲,小明在這個遊戲上課金，用來購買稀有角色。
課長,指特定玩家在遊戲中花費大量金錢購買道具或虛擬物品，以支持遊戲開發者或團隊。常見於免費遊戲中，這些玩家的支持能促進遊戲更新與持續運營。,感謝課長大大讓我有遊戲玩
豬隊友,指在團隊合作中因理解力差或行動不當而累事或拖後腿的隊友，通常帶有戲謔或責備的語氣描述不稱職的夥伴。,替醫護爭權益，不用急在一時，否則反落得豬隊友的罵名。
賣萌,展現可愛或俏皮的行為或姿態，以吸引他人注意或喜愛。,條紋臭鼬、刺蝟、鹿兒就像經過梳妝打扮，在鏡頭前賣萌零死角。
踩雷,「雷」指「地雷」。嘗試新事物就像踩地雷一樣結果未知，因此稱為「踩雷」。,我昨天在一家新開的餐廳「踩雷」了，菜色不僅貴還難吃。
躺平,1.躺在床上入睡。 2.對於事態往壞處發展也不在乎，放棄追求更好的生活，這類的人稱為躺平族。,1. 每天忙碌了一整天，回到家只想好好躺平，放鬆身心。2. 小明看到競爭激烈的職場環境，決定選擇躺平，不再盲目追逐升職加薪。
躺平族,不相信努力能得到自己想要的成果，不再追求成功或有更高的成就，得過且過的人。,小明在職場上經歷了一次次失敗後，決定成為躺平族，過起了不再向上爭取的簡單生活。
躺著也中槍,指的是無緣無故受到牽連,明明家裡的碗不是我打破的，媽媽卻先罵我，這波躺著也中槍真的很冤。
躺槍,指在事件或衝突中，無辜受到牽連或遭受損害的人，類似於「不幸躺著中槍」。,幾年下來，「高空拋物」愈演愈烈，無辜躺槍的「鄰居」也悉數增多。
靠北,台語漢字「哭爸」，為華語的音譯，字面上指為死去的父親哭泣。一種較粗魯的用詞。其含義多樣化。,1. 抱怨，如：我就是想靠北警察開我罰單啦。 2. 描述一個人在胡說八道，如：別聽他在那邊靠北。 3. 表達驚訝，如：靠北，嚇死我了。 4. 表示誇張，如：技術強到靠北
髮夾彎,比喻突然的大轉變或政策的急速調整，通常暗示一種反覆或快速的改變方向。,廣大在越南投資的台商以及台灣觀光客絕對是促使越南政府髮夾彎的重要推手。
鬧,鬧事、搞笑、脫序到很有趣的意思。,那部影片實在太鬧了，大家都笑得合不攏嘴。
魯蛇,英文「loser」，失敗者，平凡人用以自嘲。也作「魯」、「魯魯」，用於自稱時作「本魯」、「小魯」。,每次看到朋友們在社交媒體分享他們的成功經驗，我總是忍不住笑著對自己說：「本魯又要加倍努力了！」
壁咚,日文「壁ドン（kabedon）」，「咚」取「ドン（don）」詞音。通常指曖昧、調情的行為。被對方逼至背貼牆面後，對方用單手或雙手拍抵牆壁以限制己方的行動。如：「我被學長壁咚告白了。」、「你該不會是想壁咚他吧？」,在走廊的拐角處，他猛然轉身，將她逼到牆邊，輕輕壁咚，低聲問道：「可以約妳看電影嗎？」
學廢了,與學會了相反，意指學到垃圾或學不會,這門課太難了，我學了半天結果學廢了。
學霸,用來稱呼成績優異或高學歷的人。,小明被同學們尊稱為「學霸」，因為他每次考試總是名列前茅。
撿到槍,意指某人突然講話變得很嗆、行為變得很強勢。就像撿到槍之後勇氣大增，隨時準備開火、誰也不怕一樣。,小李平時很低調，但今天在會議上突然撿到槍，連續反駁了好幾位主管的意見。
機王,電子產品的瑕疵品。,這次購買的手機屏幕總是失靈，簡直就是一個機王。
機車,指該對象十分挑剔、討人厭。貶義詞。,他每次吃飯都要挑三揀四，真是機車極了，讓人大打折扣。
燒,1.延燒、蔓延、引起討論或被批評。 2.生火、引起購買的興趣。,1. 延燒、蔓延、引起討論或被批評：那部電影的主題非常敏感，一下子就在社交媒體上「燒」起來，引發了大規模的討論。2. 生火、引起購買的興趣：那款新手機的廣告做得特別吸引人，一推出就「燒」得大家爭相搶購。
獨角獸,1.指成立不到10年、但資產估值達10億美元以上，且股票未上市的公司。 2.指無法接受偶像擁有伴侶、甚至親密朋友的粉絲。通常多用來指虛擬YouTuber的部分粉絲。,1. 隨著科技快速發展，越來越多的初創公司正努力成為下一個「獨角獸」，吸引投資者的關注。2. 當她得知自己的偶像與他人合作錄製了一段影片，一些「獨角獸」立即湧入社交媒體表示不滿。
盧,台灣台語「 挐（jû/lû）」，無理取鬧，或者用糾纏的方式獲得自己想要的結果。,每次要買玩具，弟弟總是會一直「盧」媽媽，直到她妥協才肯放手。
磚頭,形容電子產品（如智慧型手機、平板電腦等）因為軟體錯誤或硬體故障而毫無反應、無法使用的狀態。簡稱為「磚」。,當我的手機更新完系統後，竟然變成了磚頭，連開機都做不到。
興奮 / 開心到模糊,指心情好到難以形容，像是眼前一片模糊，無法思考清楚。,抽卡直接中SSR，興奮到模糊，感覺靈魂都被幸福衝昏了！
螞蟻人,熱愛甜食的人。,小明是個典型的螞蟻人，這次生日聚會上，他毫不猶豫地吃下了三塊巧克力蛋糕。
親估,一種對朋友、摯友的親切稱呼，類似「親愛的朋友」或「好兄弟姐妹」之意。,祝福親估們 2022 Happy New Year
貓奴,指貓飼主。由於相比起忠心耿耿的狗，多數貓的性格較為我行我素，許多貓飼主因此自嘲「好像貓才是主人，我是牠的奴隸」，因而得名。 意義上與鏟屎官是同義詞。,自從養了三隻貓，我發現自己真正成了一名貓奴，為牠們的需求無時無刻地操勞。
踹共,台灣台語「出來講（tshut-lâi kóng）」的諧音，「踹」是「出來（tshut-lâi）」的連讀諧音。,大家對這個政策有很多疑問，希望政府能夠踹共，把立場說清楚。
遲刻魔,形容經常遲到的人。,再這樣下去，大家會把你當成公司的遲刻魔。
駭,指使用非正當手段，透過程式漏洞修改軟體、盜取資料。,他因嘗試駭公司的內部系統而被警方逮捕。
鴨沒肉,日文やめろ的發音，快住手、不可以的意思。,鴨沒肉！拜託教授不要當我好不好
龜速,行駛或行走速度未達一般正常速度或道路規定之最低時速。如：「龜速行駛」、「龜速車」、「龜速前進」。,在塞車的高速公路上，我們的車只能以龜速前進，讓人十分無奈。
應援,日文「「応援（おうえん）」，加油打氣，表態支持對方。,在演唱會上，粉絲們揮舞著螢光棒，用喊口號和歌聲為偶像應援。
戴綠帽,指被劈腿，通常描述主事者不知情的情況,遠距離愛情最怕的就是被戴綠帽。
蕾絲邊,指女性同志，由英文音譯Lesbian而來。與百合基本上無差異，但也有一說為「蕾絲邊泛指全年齡的女同志，而百合比較偏向青春時的那種純純又甜甜的戀愛。」,妳是蕾絲邊嗎？
薪水小偷,在工作場合偷懶、擺爛或做私事，而沒有貢獻生產力，卻依然領取原來薪水的人,那個專案經理啥事都推給別人，開會只會點頭，根本頂級薪水小偷！
虧,台灣台語「詼（khue）」，指調侃或挖苦。,當阿明說他可以一口氣吃十個飯糰時，大家都在虧他說：「看你還能再多吃幾個？」
虧賊,譯自英語「crazy」，用以比喻很瘋狂,這技術也太虧賊了，單場17殺是怎樣
賽高,源自日語「さいこう」，意思為「最高、最棒的」。形容某樣事物最好、太棒了之類的意思。,百合貼貼！賽高！
鍵盤～,指在網路上透過鍵盤進行操作的人，通常帶有對其言行不負責任或言過其實的含義，如「鍵盤俠」、「鍵盤戰士」。,現在人人都是鍵盤俠，我對IG上不理性的負面留言並不在意
鎂,指美元，源自英文“美金”的諧音，大多用於口語中表達金額。,身邊都有人3年直接到海外拿40萬鎂的offer
顆顆,輕聲地竊笑。也作「科科」、「科」、「ㄎㄎ」。,小明突然想起那天的糗事，忍不住在心裡顆顆笑了起來。
點擊,指用鼠標按壓或手指觸碰設備屏幕來選擇或激活某一功能或內容的動作，常用於描述網頁或影片被用戶訪問、觀看的次數。,在YouTube締造超過6000萬次點擊
點讚,在社交媒體平台上，通過按下特定按鈕表示對內容的喜愛或支持。,附上ig貼文連結叫大家點讚
擷圖,參見【截圖】。,小明在遊戲中達成了新的成就，於是立刻擷圖分享給朋友們。
擺爛,形容對某事物或情況採取消極態度，故意不作為、不改進，任其惡化或維持現狀。,遇到這問題，我一率推薦當個擺爛不做事的幹部
斷片,由於短時間大量飲酒、血液中酒精濃度過高，導致短暫昏迷、失憶的情況。,昨晚的酒會結束後，他發現自己在自己的床上醒來，卻完全斷片，對如何回家的過程一無所知。
歸剛欸,一種表達無奈或不滿的語氣，用於形容某人懶散或不負責任，常讓別人善後。,你東西用完都不收，每次都是我整理，歸剛欸。
濾鏡,指用於改變或增強照片、影像的顏色、亮度和對比效果的工具或效果，一般應用於攝影、影像編輯軟體及社交媒體平台上。例句中描述的「風格濾鏡」指的是一種特定的視覺效果，增加了影像的風格化呈現。,拎著它便自動加上風格濾鏡，多一分輕鬆，也多一分沁涼感。
翻轉,改變先前約定俗成的模式或規矩，通常包含將主動權、權力中心轉移給原先沒有的角色。常用詞如「翻轉教學」、「翻轉性別」。,在這場企業研討會上，他們介紹了一種新的管理模式，試圖翻轉傳統的權力結構，使基層員工在決策過程中擁有更大的發言權。
職人,日文「職人（しょくにん）」。技藝精湛且精益求精的工作者。,在日本，那位咖啡師傅因其出神入化的拉花技藝，而被尊稱為真正的職人。
藍勾勾,指社群帳號經官方認證，該帳號多為公眾人物或企業公司。,名人在那個社交平台上獲得了一個藍勾勾，證明他的帳號經過了官方認證。
藍趴,人很好,你很藍趴
藍瘦香菇,「難受想哭」的搞笑諧音。,最近工作壓力太大，一不小心把文件全刪了，真是藍瘦香菇。
蹦迪,中國大陸網路用語。去夜店的意思。蹦迪中的「迪」字原是指「迪斯可」（Disco），是一種伴隨強烈音樂節奏的自由舞蹈。「蹦迪」也就是「去舞廳跳迪斯可」的意思，也就是「去夜店跳舞」。,Friday night！揪團去蹦迪囉！
醬,「這樣」的連讀，僅在口語中使用。使用時會給人撒嬌的感覺。如：「就醬」、「醬可以嗎？」,「今天的行程我們就醬安排，可以嗎？」
雙11,指每年11月11日的購物節，由中國電商平台阿里巴巴於2009年首創，現已成為全球範圍的線上購物狂歡日，通常有大量折扣和促銷活動。,之後雙11物流應該會卡更嚴重QQ
雙北,指的就是台北和新北。,這次的活動將在雙北同步舉行，讓台北和新北的居民都能參加。
雙重標準,在同樣情況下，依不同的標準檢視，造成不公平的結果。也作「雙標」。,在工作中，他總是對男性和女性員工使用雙重標準，男性的錯誤常被輕易放過，而女性卻被嚴格批評。
雙標,指對同類事情採用雙重標準，對不同人或事物抱持不一致的態度，通常帶有批評意味,別人罵他是暴力，他自己罵別人是正義，這不是雙標，什麼是雙標啊？
雞排,指看戲、看熱鬧。,昨天的球賽結束後，場外發生了爭執，大家紛紛聚集在一起看雞排，熱鬧非凡。
雞腿,指駕駛開車或騎車不遵守交通規則。多含有貶義。,那位司機真是個雞腿，一路上不停闖紅燈，把我們嚇得不輕。
雞鴨,字音同「羈押」而作為「羈押」的用法。,法官宣佈，他將被雞鴨至下次開庭，以確保不會逃逸。
顏值,指一個人外貌的美觀程度或吸引力，通常用來評價一個人的面部用外表。,身家要有幾個億，身高要過180，顏值要贏金城武
顏藝,顏藝是源自日語的詞語，指一種為了營造特定情緒或反應而做出的誇張或搞笑的面部表情，通常在動畫、漫畫或網絡文化中使用。,他在聚會上模仿動畫角色的顏藝，全場都忍不住笑了起來。
勸敗,勸你 buy 下去。勸你買下去。當動詞使用時，就是：鼓勵你、說服你買下去的意思。當形容詞使用時，就是：非常吸引你、讓人看了就很想買的東西。,這個東西非常勸敗欸！
懶人包,一件事的簡單整理，專給想快速了解一件事來龍去脈前因後果的人的最速解答,在選舉之前，他找了一個政治議題的懶人包，以便快速了解各候選人的立場和政策。
懶癌,形容人處於很懶散的狀態，通常懶癌後面會加上末期兩個字形容這個人懶到沒救了，亦有在後面加上發作兩個字的用法。相近詞：懶骨頭,小明：這個六日要不要打線上遊戲啊？ 阿華：算了吧！我的懶癌又發作了！你們玩就好。
爆雷,指被人透漏小說、戲劇等影視作品的結局。,昨天在網上瀏覽評論時，不小心被一條爆雷信息提前知道了電影的結局，真是掃興。
獸控,指對動物角色（特別是擬人化的動物）有強烈興趣或偏愛的人群，常常與動漫、遊戲中的獸化角色相關聯。,獸控是不是都特別有錢啊？
穩交,穩定交往,經過多年的穩交，小美和小明終於計劃攜手步入婚姻殿堂。
穩單,穩單即是「穩定單身中」的縮寫,小李總是說自己目前處於穩單狀態，享受單身生活的自由與自在。
蹭,利用他人的影響力或流行趨勢來獲取關注或利益。,與此同時，中國的綜藝節目也跟著蹭熱度。
邊緣人,朋友很少或在群體中存在感很低的人。,小明總是獨來獨往，加上他性格內向，所以在班裡總被大家當成邊緣人。
鏟肉,指減少體重或減脂，以減輕身體負擔和改善健康狀況。,肥胖不是福 鏟肉癌篩保健康
鏟屎官,指代為寵物（如貓狗）清理排泄物的飼主或照顧者，通常描述他們負責寵物日常生活的細節任務，並帶有一種幽默與寵物親密關係的語感。,得知對方平日忙於工作，她索性自告奮勇，要求擔任鄰居沒空照顧狗時的鏟屎官。
霧煞煞,指人對某事感到非常困惑、不明所以，無法理解其中含義或邏輯。,儘管政府紓困方案盡出，不少民眾「霧煞煞」，勞動部「一九五五勞工諮詢申訴專線」幾乎快被打爆
蘇胡,「舒服」的諧音。,昨晚泡了個熱水澡，全身都覺得蘇胡極了。
覺青,縮寫自「覺醒青年」，通常指熱衷於社會議題或政治改革的年輕人，帶有批判社會現象的熱情。近來則被用作諷刺意味的負面用語，形容一些人在討論社會問題時，缺乏理性或深入思考，只是盲目跟風。,不要做表面功夫的覺青，實際行動更重要。
觸,為英文「True」的中文諧音，表示贊同的意思，非常贊同的話可以用「觸爆」、「觸爛」來形容。,這句話真的是觸爛，不能同意更多
觸爛,英文「true」的意思，表示對某事強烈贊同。根據中肯程度可依序用觸<觸爛<觸爆，來表達認同程度。,這波黑五折扣直接砍半價，還送限量周邊，觸爆啊兄弟！
灌水,1.在聊天室、論壇中發訊息或文章來衝人氣、引起討論。 2.在聊天室、論壇中大量發送無意義或重複的字句、內容貧乏的文章，造成其他使用者的困擾。,在論壇上，原本熱烈的討論因為有人不停地灌水，發布一堆無意義的資訊而被打斷了，讓許多用戶感到困擾。
爛咖,指某方面表現非常差勁或無能的人，常帶有貶義的語氣。,每次團隊合作，他這個爛咖都完全靠不住。
續航,完全充足可使用的能源容量後，不再添加能源的情況下，電子或引擎設備能夠持續運行的能力。如：「電池續航力」、「電動車續航力」。,這款新型智慧手機的續航可以達到兩天，不用擔心頻繁充電。
護國神山,用以稱呼支撐與守護台灣各層面的支柱。由於中央山脈能夠破颱風構造、減弱風雨侵台而被冠上此稱。,颱風來襲時，中央山脈再度扮演了「護國神山」的角色，有效削弱了暴風雨對台灣的威脅。
鐵粉,指對某個品牌、人物、作品等表現出極高熱情和忠誠度的忠實粉絲，通常會積極參與相關活動、購買產品或支持其作品。,漫威蜘蛛人期間限定店主視覺以蜘蛛人呈現，全新推出一系列2021年新品及居家、戶外、 兒童系列商品，要滿足大小蜘蛛人鐵粉。
魔人,指極度專注於某一特定行為或理念，通常帶有過度、偏執或不理性的特徵。在語境中常用以描述對某項原則或想法過於堅持，甚至影響他人者，通常帶有貶義。,兇手是螢幕另一頭惡意評論的人，兇手是所謂的正義魔人，兇手是冷漠，兇手是我們依賴的資訊世代
魔法小卡,指信用卡或支付卡，能給持卡人帶來即時購物能力和便利，特別是在享受折扣、優惠及免運費等購物優惠時。,有現貨出清而且還有折扣，不用等又有優惠，還免運費，只好拿出魔法小卡了
魔法師,用來戲稱超過30歲仍未談過戀愛的男子，常見的用法如「到了30歲還是單身就會轉職成魔法師」。,自從小林30歲生日過後，他的朋友們就開始打趣地稱他為「魔法師」，因為他至今還沒有談過戀愛。
曬,公開展示或炫耀自己所擁有的事物。,小明總喜歡在朋友圈曬他最新買的電子產品，引得大家紛紛點贊。
曬卡,抽卡遊戲玩家抽到稀有角色時的炫耀行為,他每次抽到SSR就在各社團曬卡
蘿莉,泛指6歲至14歲未成年男性,蘿莉真的好可愛
蘿莉控,對年幼女孩具有強烈吸引力或喜好的人，通常用於描述喜歡年輕或動畫中稚嫩女性角色者，起源於日本流行文化。,小李的朋友們都知道他有點蘿莉控，特別喜歡看那些少女主題的動畫。
灣家,台語「吵架」的意思,為了一點小事灣家，真是太不值得了！
ㄅㄧㄤˋ,「不一樣」三字的連音念法。流行的時間大約於2000年前後。,我這裡有個超ㄅㄧㄤˋ的小東西！
ㄍㄧㄥ,硬撐、逞強的台語。,他明明已經累得不行了，卻還在那裡ㄍㄧㄥ說自己沒問題。
ㄎㄧㄤ,形容一個人神情近似喝醉、感覺很失控的樣子，有時也指行為舉止異常、不合常理。也可作為動詞使用。源自於酒瓶碰撞發出的聲音。,昨天聚會上，他喝到整個人都ㄎ一ㄤ了，一直在傻笑。
ㄎㄎ,用於表示輕鬆的笑聲，或是帶有俏皮和調侃意味的笑意。常用於非正式書寫或互聯網聊天中。,說個笑話，飛機這波漲的不是客運 ㄎㄎ
AA,雙方或多方共同分擔費用的一種方式，通常在聚餐、旅行或其他需要支付費用的情況下使用。這種方式強調公平，各付各的。,這次吃飯我們AA吧，各付各的比較方便。
ABC,ABC 的全名是「American/Australian Born Chinese」，也就是指在美國/澳洲出生的華裔,原來他是ABC，難怪說得一口流利英文
AKA,1:also known as 也就是；又作為；又名，用於連接兩個對等的人、事、物。,這位著名的畫家，AKA「現代達文西」，以其多才多藝聞名於世。
BJ4,「不解釋」的諧音。認為某件事情大家都應該知道，不需要多加解釋。帶有不想解釋或是不屑解釋的意味。,他又問為什麼這個笑話好笑，我只能回他BJ4，應該每個人都懂的吧！
BM,Bad Manner（差勁的態度）：通常用於遊戲圈，形容玩家在遊戲中表現不尊重或不禮貌的行為。,這個人全程BM，真想扁他。
buff,能力增強。源自於遊戲界角色歷經一些過程後能力、素質增強。 例句：這主任在玩過ChatGPT後整個研究能力被buff了。,經過這次培訓，他的管理技能明顯被buff了，整個團隊的效率也提高了。
C位,1. 「center位」的簡稱，指團隊中站位位於中心的人，也能指團隊中綜合能力最強的人，多用於明星藝人。 2. 「cover位」的簡稱，指團隊中主要的輸出攻擊角色，多用於線上團體對戰遊戲。,在這次演唱會上，小明站在舞台的C位，他的優秀表現贏得了觀眾的熱烈掌聲。
CC,在華語網絡語境中表示情緒波動，通常用於表達羨慕、嫉妒、或不滿的情感，類似於「吃醋」的意思。,他是最後贏家吧CC
CP,通常指「角色配對」或「搭檔關係」，源自英文詞彙「couple pairing」。在網路文化中，常用來描述兩個個體之間的情感或合作關係。也可作為「性價比」的縮寫，用於描述商品或服務的價值和價格之間的比例。,1. 你要跟我組CP嗎?2. 以價格來看算高CP了
CP值,英文「Cost Performance Ratio」，成本效益比。也作「西批值」、「CP」。,這款手機的CP值很高，性能強大但價格合理，值得入手。
DC,通信應用程式 Discord 的縮寫,我昨天在 DC上加他好友了
DD,"來自日語「誰でも大好き」，意指""不管是誰都最喜歡了""，用以形容作為""同時超過推兩個以上的偶像的人""。",你這個DD，今天又在看誰的台了
der,「的」的諧音。裝可愛的捲舌版本。通常用在句末。,就是我der
duck不必,同「大可不必」，完全沒有必要的意思,這種粗暴的言論，duck不必
e04,「幹」的意思。使用英文鍵盤，並以注音輸入法輸入「幹」字時，會對應鍵盤上「e04」三個鍵。,e04，怎麼電腦又壞了
emo,形容情緒低落、心情不好。,每次喝酒都不揪我，我emo了
EZ,英文「easy」的諧音，意思為「簡單」、「容易」。時常使用在遊戲聊天室當中。 例句：這場比賽太EZ了。,這關卡設計得太簡單，我一試就通過了，真是EZ！
F2P,"英文縮寫""Free 2(to) Play"" 指沒有投入任何金錢的遊戲玩家",作為一名F2P玩家，他經常花時間研究遊戲策略來獲得最好的裝備。
Fu,英文「feel」的諧音。指感覺。,這部電影真的讓我有很深的Fu，特別是最後的那場戲。
G8,同雞掰,這遊戲眞G8難
galgame,是一種可以與動畫美少女進行互動的日本電子遊戲。雖然幾乎所有美少女遊戲都涉及浪漫主義、愛情或者某種形式的性暗示，但是它們未必是色情成人遊戲。,小明沉迷於一款新出的galgame，每天都在研究如何攻略遊戲裡的不同角色。
gank,突襲。源自於線上遊戲中突襲群團中的名稱。,當我們的隊友呼喊著「小心，對方準備要gank我們的中路了！」，所有人都提高了警覺，準備反擊。
GG,意指遭遇不測。源自於線上遊戲對戰後對對手表達精彩戰鬥而說出「good game」，可能帶有嘲諷意味。,這個專案的 deadline 這麼趕，我看要GG了。
gnp4,「關你屁事」的羅馬拼音首字母及諧音。,室友：你為什麼每天晚睡？ 我：哎呦，gnp4，我的作息我決定！
hen,同副詞「很」，為「很」的漢語拼音（但為了鍵盤輸入方便，不加聲調符號）。,這家餐廳的菜hen好吃，我們下次還要來。
HP,英文「Health Points」的簡稱。意思遊戲當中的生命值，後來廣泛代表一個人自我評估的生命力。 例句：這教授的HP也太高，怎麼寫論文也寫不完。,經過一整週的熬夜準備考試，我感覺自己的HP已經快見底了，需要好好休息補充能量。
I 人 E 人,表達社交傾向：I 人偏好獨處或與少數親密的人相處，不擅於表達；而 E 人則樂於社交、享受與他人互動,我是 I 人但偶爾會 E 人一下，像今天參加同學聚會，聊了一會兒後還是想趕快回家充電。
IP,指的是智慧財產權（Intellectual Property），包括商標、版權、專利等用以保護創作品的法律權利，也可以指用於辨識網絡位置的互聯網協定地址（Internet Protocol aDDress）。,1. 這部漫畫號稱是「最難翻拍成真人版戲劇」的IP之一2. 你要不要查我IP在哪XD
Kuso,源自日語，指帶有惡搞、幽默和創意成分的內容或行為，通常以搞笑或諷刺的方式呈現，有時帶有挑釁意味。,說是Kuso更是挑釁，但創意十足超有梗
LKK,老摳摳,這個梗很LKK
LUL,源自於Twitch的表情符號，表示大笑或無奈的笑，通常用於反映某種幽默、尷尬或出乎意料的狀況。,阿怎麼突然轉了一下風車 LUL
lv,指等級（level）的縮寫，常用於遊戲中表示玩家的級別或階段。,你很厲害喔，一個月就 lV2，進入韭菜sop
MC,英文「Menstrual Cycle」的簡稱。指女性生理期。,醫生解釋說，保持良好的營養和適度的運動可以有助於維持穩定的MC。
MIT,英文「Made in Taiwan」的簡稱。臺灣製造。,在全球的科技展覽中，很多高品質的電子產品上都印有「MIT」，代表著它們是臺灣製造。
NG,指代「No Good」或「Not Good」，常用於形容某種行為或情況不合適、不理想。例如，拍頭太親密了很NG，表示這種行為過於親密而不適合。,拍頭太親密了很NG
NTR,日文「寝取られ」的縮寫為，被劈腿的意思，但條件較嚴苛，主事者對象與第三人必須發生性關係能才算作NTR。,當他發現女友與第三者有了親密關係後，他才意識到自己成為了NTR的受害者。
OL,源自日本。指辦公室女職員、女性白領。,每次午休時間，OL們總愛聚在一起聊聊時尚和最新的電視劇。
OMG,"「omg」這是在網絡上面很常用的英文縮寫，是英文中的""Oh My God""或""Oh My Gosh""的縮寫，意思就是「我的天哪」。",OMG，你看那幅畫真是太驚艷了！
OP,1.英文「overpowered」的簡稱。過度強大，源自遊戲中玩家對於某角色或是能力形容。 2.英文「original poster」的簡稱。原始貼文者，常見於論壇。,"1. 這個遊戲的新角色實在是太OP了，幾乎沒有其他玩家能打敗他。
2. 在這個討論串中，OP提到了一個很有趣的觀點，引發了大家的熱烈討論。"
osso,「喔是喔」的意思，其發音利用羅馬拼音的縮寫就是osso,當我告訴他這個消息時，他只是點點頭說：「osso」。
P,指的是使用圖像編輯軟體處理或合成的結果，即「photoshopped」或「PS」的簡寫。「P上去」意味著圖像經過加工或不自然。,而且那張圖開起來有夠像p上去的
peko,用於句尾的語助詞，增加語氣的可愛感，多見於日語圈，如在句末類似「喔」的語助詞。例句反映說話者覺得某物品「油膩」，並以「peko」增添話語的趣味性和輕鬆感。,好油喔peko
PK,英文「Player Killer」的簡稱。挑戰、對決的意思。,在遊戲中，他們決定在最後一局來一次PK，看看誰才是真正的高手。
PM,指「專案經理」（Project Manager），負責規劃、執行和監控專案的整體進度與成果。,四技二專觀光科都可以擔任PM了~
PO,英文 「post 」的簡稱。指將文字、圖片或影片發佈到網路上。,我剛在社交媒體上PO了一張今天早上拍的日出照，你快去看看吧！
po文,即上傳文章。,小美每天都會在她的部落格上po文，分享她的旅行心得。
POV,"為point of view的縮寫，中文翻譯為""視角""或""觀點""，用途廣泛，可用於拍影片或照片、文學作品、哲學思想...等地方。",這部影片是從主角的POV拍攝的，讓觀眾能夠更深入地體驗他的情感世界。
PUA,最初指「搭訕藝術家」，是一種學習搭訕技巧和戀愛心理學的群體或文化，起源於國外社交圈。PUA強調通過特定話術、肢體語言和心理操控來吸引異性。後引用以形容指利用話術或心理操控，讓對方產生自卑感或情感依賴，進而達到控制對方的目的。,他用PUA手段讓對方失去自信，完全被他掌控。
Q版,指將角色或物品以卡通化、可愛化的風格呈現，通常具有誇張的頭部比例及簡化的身體結構。,Q版春聯貼紙標示
Q彈,形容食物具有彈性且柔軟有嚼勁的口感。,Q彈的手工麵條
QQ,代表流淚、傷心、哭哭的意思。,看到電影院關門的消息，她在聊天中只發了個「QQ」表達她的惋惜和悲傷。
SAN值,源自桌遊「克蘇魯的呼喚」中「理智值」(Sanity)的概念，代表一個人的精神穩定程度或理智水平。在網絡語境中，常用來形容某人因恐懼、驚嚇或其他心理刺激而變得不安或失態的情況。,你的san值太低了
Seafood,「師父」的諧音。台灣宗教人物「妙禪師父」的修行場合，常常會看到學員們大喊「感恩師父、讚嘆師父」，因此網友聽久了便以 Seafood 來戲謔地作為師父的諧音。,每次修行課結束後，學員們總是異口同聲地說：「感恩Seafood，讚嘆Seafood！」
SJW,正義魔人 (Social Justice Warrior),小心編這種不政治正確的辭典會被SJW出征喔！
SS,英文「Superior Super Rare」的簡稱，超級稀有。源於遊戲，指非常稀少的卡片或寶物，後來也可以指很珍貴稀少的實際物品。也作「SS級」。,我剛剛在古董店裡找到了這款SS級的紀念版手錶，真沒想到能在二手市場上找到這麼稀有的寶貝！
sus,很可疑的意思,這人怎麼一直在教室門口徘徊，sus
tag,在社交媒體上使用標識功能將某人或某物與特定內容相關聯，通常通知該用戶或使其內容曝光。,在臉書轉載本文時，萬萬不要tag我的帳號
the鞭,指已成過去的糗事或失態被人重新翻出來公審,the鞭，三年前的貼文還被翻出來鞭，有夠慘
tks,網絡用語，是英文詞語「thanks」（謝謝）的縮寫，通常在非正式交流或社交媒體上用作表示感謝。,好像有八卦...tks
U,優質的意思。網友們想稱讚但是懶得打字的時候會打「優」。後來更偷懶大家就打「U」了。,這部電影真的U，特效和劇情都超讚！
U文,指在社交媒體或網路論壇中，具有獨特風格、見解或高水準的文章或推文，通常受到廣泛的讚譽與追捧。,U文大師發文，必須給推！
U質,「優質」的諧音。如：「U質梗圖」、「U質店家」。,這家咖啡店的環境和服務都非常好，真的是一家「U質店家」。
UCCU,意思是「你看看你」＝「You see see you」簡稱「UCCU」,考試前一天才開始讀書，還說自己一定會考高分，UCCU！
up,達到或超過某個數字、標準或目標。,原本考七百五的他 這次目標設在900up
Vtuber,虛擬YouTuber的簡稱，後泛指所有進行影片直播和活動的虛擬偶像。,自從成為Vtuber以來，她的直播吸引了全球各地的粉絲。
www,大笑的意思。（w 愈多笑得愈厲害）。日語的笑發音是「warau」其延伸出來的網路用語 「w」。,那隻貓的臉也太崩壞了吧wwwwwwwwww
XD,表示笑臉，將其順時針旋轉九十度後，X在上面，可以看做瞇起的眼睛，D在下面，是大笑的嘴.,那個笑話真的太搞笑了，我聽完笑到快從椅子上摔下來，XD！
YYDS（永遠滴神）,代表這個人/事物是最棒、最厲害的。,這間鹽酥雞攤真的YYDS！吃過就回不去了！
Z世代,英語：Generation Z，或縮寫為Gen Z，是盛行於美國及歐洲的用語，特指在1990年代中葉至2000年代出生的人.,Z世代普遍重視環境保護和社會責任，並偏好使用數位技術和社交媒體。
哩洗勒工三小,意思為你到底在講什麼鬼東西。,他突然在開會中講了一堆無關緊要的事情，讓大家忍不住心想：「哩洗勒工三小？」